item_id,stone_code,catalog,series,shape,geometry_type,physical_diameter_mm,physical_width_mm,physical_height_mm,reference_diameter_mm,reference_width_mm,reference_height_mm,reference_status,color_family,color_hex_reference,color_r_reference,color_g_reference,color_b_reference,color_source,supplier_ref,sample_present,confidence,source_file,size_source,active,notes,catalog_color_name,catalog_color_hex_canonical,catalog_code_rule,code_authority
ROUND:L1,L1,ROUND,L,round faceted,round,2.8,2.8,2.8,2.2,2.2,2.2,CONFIRMED,1,#F2F2F2,242,242,242,uploaded_catalogue_2026-09-07_sample,,True,confirmed,2.png,uploaded_catalogue_2026-09-07,True,NEW DATABASE ONLY. Old catalogue database removed. Visible in new round catalogue.,clear / crystal,#F2F2F2,L=2.8mm; Z=4mm; W=5mm; D=6mm; suffix=color family,uploaded_catalogue_2026-09-07
ROUND:L4,L4,ROUND,L,round faceted,round,2.8,2.8,2.8,2.2,2.2,2.2,CONFIRMED,4,#C51E2A,197,30,42,uploaded_catalogue_2026-09-07_sample,,True,confirmed,2.png,uploaded_catalogue_2026-09-07,True,NEW DATABASE ONLY. Old catalogue database removed. Visible in new round catalogue.,red,#C51E2A,L=2.8mm; Z=4mm; W=5mm; D=6mm; suffix=color family,uploaded_catalogue_2026-09-07
ROUND:L6,L6,ROUND,L,round faceted,round,2.8,2.8,2.8,2.2,2.2,2.2,CONFIRMED,6,#F4B7C8,244,183,200,uploaded_catalogue_2026-09-07_sample,,True,confirmed,2.png,uploaded_catalogue_2026-09-07,True,NEW DATABASE ONLY. Old catalogue database removed. Visible in new round catalogue.,light pink,#F4B7C8,L=2.8mm; Z=4mm; W=5mm; D=6mm; suffix=color family,uploaded_catalogue_2026-09-07
ROUND:L8,L8,ROUND,L,round faceted,round,2.8,2.8,2.8,2.2,2.2,2.2,CONFIRMED,8,#D83A9A,216,58,154,uploaded_catalogue_2026-09-07_sample,,True,confirmed,2.png,uploaded_catalogue_2026-09-07,True,NEW DATABASE ONLY. Old catalogue database removed. Visible in new round catalogue.,magenta pink,#D83A9A,L=2.8mm; Z=4mm; W=5mm; D=6mm; suffix=color family,uploaded_catalogue_2026-09-07
ROUND:L10,L10,ROUND,L,round faceted,round,2.8,2.8,2.8,2.2,2.2,2.2,CONFIRMED,10,#B7194D,183,25,77,uploaded_catalogue_2026-09-07_sample,,True,confirmed,2.png,uploaded_catalogue_2026-09-07,True,NEW DATABASE ONLY. Old catalogue database removed. Visible in new round catalogue.,deep pink red,#B7194D,L=2.8mm; Z=4mm; W=5mm; D=6mm; suffix=color family,uploaded_catalogue_2026-09-07
ROUND:L17,L17,ROUND,L,round faceted,round,2.8,2.8,2.8,2.2,2.2,2.2,CONFIRMED,17,#B9A06D,185,160,109,uploaded_catalogue_2026-09-07_sample,,True,confirmed,2.png,uploaded_catalogue_2026-09-07,True,NEW DATABASE ONLY. Old catalogue database removed. Visible in new round catalogue.,champagne gold,#B9A06D,L=2.8mm; Z=4mm; W=5mm; D=6mm; suffix=color family,uploaded_catalogue_2026-09-07
ROUND:L23,L23,ROUND,L,round faceted,round,2.8,2.8,2.8,2.2,2.2,2.2,CONFIRMED,23,#E4D21E,228,210,30,uploaded_catalogue_2026-09-07_sample,,True,confirmed,2.png,uploaded_catalogue_2026-09-07,True,NEW DATABASE ONLY. Old catalogue database removed. Visible in new round catalogue.,yellow,#E4D21E,L=2.8mm; Z=4mm; W=5mm; D=6mm; suffix=color family,uploaded_catalogue_2026-09-07
ROUND:L26,L26,ROUND,L,round faceted,round,2.8,2.8,2.8,2.2,2.2,2.2,CONFIRMED,26,#137344,19,115,68,uploaded_catalogue_2026-09-07_sample,,True,confirmed,2.png,uploaded_catalogue_2026-09-07,True,NEW DATABASE ONLY. Old catalogue database removed. Visible in new round catalogue.,emerald green,#137344,L=2.8mm; Z=4mm; W=5mm; D=6mm; suffix=color family,uploaded_catalogue_2026-09-07
ROUND:L37,L37,ROUND,L,round faceted,round,2.8,2.8,2.8,2.2,2.2,2.2,CONFIRMED,37,#8EB9E8,142,185,232,uploaded_catalogue_2026-09-07_sample,,True,confirmed,2.png,uploaded_catalogue_2026-09-07,True,NEW DATABASE ONLY. Old catalogue database removed. Visible in new round catalogue.,light blue,#8EB9E8,L=2.8mm; Z=4mm; W=5mm; D=6mm; suffix=color family,uploaded_catalogue_2026-09-07
ROUND:L39,L39,ROUND,L,round faceted,round,2.8,2.8,2.8,2.2,2.2,2.2,CONFIRMED,39,#19B8D3,25,184,211,uploaded_catalogue_2026-09-07_sample,,True,confirmed,2.png,uploaded_catalogue_2026-09-07,True,NEW DATABASE ONLY. Old catalogue database removed. Visible in new round catalogue.,cyan blue,#19B8D3,L=2.8mm; Z=4mm; W=5mm; D=6mm; suffix=color family,uploaded_catalogue_2026-09-07
ROUND:L47,L47,ROUND,L,round faceted,round,2.8,2.8,2.8,2.2,2.2,2.2,CONFIRMED,47,#1C55B8,28,85,184,uploaded_catalogue_2026-09-07_sample,,True,confirmed,2.png,uploaded_catalogue_2026-09-07,True,NEW DATABASE ONLY. Old catalogue database removed. Visible in new round catalogue.,royal blue,#1C55B8,L=2.8mm; Z=4mm; W=5mm; D=6mm; suffix=color family,uploaded_catalogue_2026-09-07
ROUND:L50,L50,ROUND,L,round faceted,round,2.8,2.8,2.8,2.2,2.2,2.2,CONFIRMED,50,#2E2C9E,46,44,158,uploaded_catalogue_2026-09-07_sample,,True,confirmed,2.png,uploaded_catalogue_2026-09-07,True,NEW DATABASE ONLY. Old catalogue database removed. Visible in new round catalogue.,deep blue,#2E2C9E,L=2.8mm; Z=4mm; W=5mm; D=6mm; suffix=color family,uploaded_catalogue_2026-09-07
ROUND:L74,L74,ROUND,L,round faceted,round,2.8,2.8,2.8,2.2,2.2,2.2,CONFIRMED,74,#C8742C,200,116,44,uploaded_catalogue_2026-09-07_sample,,True,confirmed,2.png,uploaded_catalogue_2026-09-07,True,NEW DATABASE ONLY. Old catalogue database removed. Visible in new round catalogue.,orange copper,#C8742C,L=2.8mm; Z=4mm; W=5mm; D=6mm; suffix=color family,uploaded_catalogue_2026-09-07
ROUND:L77,L77,ROUND,L,round faceted,round,2.8,2.8,2.8,2.2,2.2,2.2,CONFIRMED,77,#4A2B25,74,43,37,uploaded_catalogue_2026-09-07_sample,,True,confirmed,2.png,uploaded_catalogue_2026-09-07,True,NEW DATABASE ONLY. Old catalogue database removed. Visible in new round catalogue.,dark brown,#4A2B25,L=2.8mm; Z=4mm; W=5mm; D=6mm; suffix=color family,uploaded_catalogue_2026-09-07
ROUND:L94,L94,ROUND,L,round faceted,round,2.8,2.8,2.8,2.2,2.2,2.2,CONFIRMED,94,#EFEDEA,239,237,234,uploaded_catalogue_2026-09-07_sample,,True,confirmed,2.png,uploaded_catalogue_2026-09-07,True,NEW DATABASE ONLY. Old catalogue database removed. Visible in new round catalogue.,opaque white,#EFEDEA,L=2.8mm; Z=4mm; W=5mm; D=6mm; suffix=color family,uploaded_catalogue_2026-09-07
ROUND:L93,L93,ROUND,L,round faceted,round,2.8,2.8,2.8,2.2,2.2,2.2,CONFIRMED,93,#171717,23,23,23,uploaded_catalogue_2026-09-07_sample,,True,confirmed,2.png,uploaded_catalogue_2026-09-07,True,NEW DATABASE ONLY. Old catalogue database removed. Visible in new round catalogue.,black,#171717,L=2.8mm; Z=4mm; W=5mm; D=6mm; suffix=color family,uploaded_catalogue_2026-09-07
ROUND:L103,L103,ROUND,L,round faceted,round,2.8,2.8,2.8,2.2,2.2,2.2,CONFIRMED,103,#6B2E86,107,46,134,uploaded_catalogue_2026-09-07_sample,,True,confirmed,2.png,uploaded_catalogue_2026-09-07,True,NEW DATABASE ONLY. Old catalogue database removed. Visible in new round catalogue.,purple,#6B2E86,L=2.8mm; Z=4mm; W=5mm; D=6mm; suffix=color family,uploaded_catalogue_2026-09-07
ROUND:L25,L25,ROUND,L,round faceted,round,2.8,2.8,2.8,2.2,2.2,2.2,CONFIRMED,25,#2E8B57,46,139,87,uploaded_catalogue_2026-09-07_sample,,True,confirmed,2.png,uploaded_catalogue_2026-09-07,True,NEW DATABASE ONLY. Old catalogue database removed. Visible in new round catalogue.,green,#2E8B57,L=2.8mm; Z=4mm; W=5mm; D=6mm; suffix=color family,uploaded_catalogue_2026-09-07
ROUND:L156,L156,ROUND,L,round faceted,round,2.8,2.8,2.8,2.2,2.2,2.2,CONFIRMED,156,#8A6DB2,138,109,178,uploaded_catalogue_2026-09-07_sample,,True,confirmed,2.png,uploaded_catalogue_2026-09-07,True,NEW DATABASE ONLY. Old catalogue database removed. Visible in new round catalogue.,lavender,#8A6DB2,L=2.8mm; Z=4mm; W=5mm; D=6mm; suffix=color family,uploaded_catalogue_2026-09-07
ROUND:L16,L16,ROUND,L,round faceted,round,2.8,2.8,2.8,2.2,2.2,2.2,CONFIRMED,16,#C8952F,200,149,47,uploaded_catalogue_2026-09-07_sample,,True,confirmed,2.png,uploaded_catalogue_2026-09-07,True,NEW DATABASE ONLY. Old catalogue database removed. Visible in new round catalogue.,gold amber,#C8952F,L=2.8mm; Z=4mm; W=5mm; D=6mm; suffix=color family,uploaded_catalogue_2026-09-07
ROUND:Z1,Z1,ROUND,Z,round faceted,round,4.0,4.0,4.0,3.2,3.2,3.2,CONFIRMED,1,#F2F2F2,242,242,242,uploaded_catalogue_2026-09-07_sample,,True,confirmed,2.png,uploaded_catalogue_2026-09-07,True,NEW DATABASE ONLY. Old catalogue database removed. Visible in new round catalogue.,clear / crystal,#F2F2F2,L=2.8mm; Z=4mm; W=5mm; D=6mm; suffix=color family,uploaded_catalogue_2026-09-07
ROUND:Z4,Z4,ROUND,Z,round faceted,round,4.0,4.0,4.0,3.2,3.2,3.2,CONFIRMED,4,#C51E2A,197,30,42,uploaded_catalogue_2026-09-07_sample,,True,confirmed,2.png,uploaded_catalogue_2026-09-07,True,NEW DATABASE ONLY. Old catalogue database removed. Visible in new round catalogue.,red,#C51E2A,L=2.8mm; Z=4mm; W=5mm; D=6mm; suffix=color family,uploaded_catalogue_2026-09-07
ROUND:Z6,Z6,ROUND,Z,round faceted,round,4.0,4.0,4.0,3.2,3.2,3.2,CONFIRMED,6,#F4B7C8,244,183,200,uploaded_catalogue_2026-09-07_sample,,True,confirmed,2.png,uploaded_catalogue_2026-09-07,True,NEW DATABASE ONLY. Old catalogue database removed. Visible in new round catalogue.,light pink,#F4B7C8,L=2.8mm; Z=4mm; W=5mm; D=6mm; suffix=color family,uploaded_catalogue_2026-09-07
ROUND:Z8,Z8,ROUND,Z,round faceted,round,4.0,4.0,4.0,3.2,3.2,3.2,CONFIRMED,8,#D83A9A,216,58,154,uploaded_catalogue_2026-09-07_sample,,True,confirmed,2.png,uploaded_catalogue_2026-09-07,True,NEW DATABASE ONLY. Old catalogue database removed. Visible in new round catalogue.,magenta pink,#D83A9A,L=2.8mm; Z=4mm; W=5mm; D=6mm; suffix=color family,uploaded_catalogue_2026-09-07
ROUND:Z10,Z10,ROUND,Z,round faceted,round,4.0,4.0,4.0,3.2,3.2,3.2,CONFIRMED,10,#B7194D,183,25,77,uploaded_catalogue_2026-09-07_sample,,True,confirmed,2.png,uploaded_catalogue_2026-09-07,True,NEW DATABASE ONLY. Old catalogue database removed. Visible in new round catalogue.,deep pink red,#B7194D,L=2.8mm; Z=4mm; W=5mm; D=6mm; suffix=color family,uploaded_catalogue_2026-09-07
ROUND:Z17,Z17,ROUND,Z,round faceted,round,4.0,4.0,4.0,3.2,3.2,3.2,CONFIRMED,17,#B9A06D,185,160,109,uploaded_catalogue_2026-09-07_sample,,True,confirmed,2.png,uploaded_catalogue_2026-09-07,True,NEW DATABASE ONLY. Old catalogue database removed. Visible in new round catalogue.,champagne gold,#B9A06D,L=2.8mm; Z=4mm; W=5mm; D=6mm; suffix=color family,uploaded_catalogue_2026-09-07
ROUND:Z23,Z23,ROUND,Z,round faceted,round,4.0,4.0,4.0,3.2,3.2,3.2,CONFIRMED,23,#E4D21E,228,210,30,uploaded_catalogue_2026-09-07_sample,,True,confirmed,2.png,uploaded_catalogue_2026-09-07,True,NEW DATABASE ONLY. Old catalogue database removed. Visible in new round catalogue.,yellow,#E4D21E,L=2.8mm; Z=4mm; W=5mm; D=6mm; suffix=color family,uploaded_catalogue_2026-09-07
ROUND:Z26,Z26,ROUND,Z,round faceted,round,4.0,4.0,4.0,3.2,3.2,3.2,CONFIRMED,26,#137344,19,115,68,uploaded_catalogue_2026-09-07_sample,,True,confirmed,2.png,uploaded_catalogue_2026-09-07,True,NEW DATABASE ONLY. Old catalogue database removed. Visible in new round catalogue.,emerald green,#137344,L=2.8mm; Z=4mm; W=5mm; D=6mm; suffix=color family,uploaded_catalogue_2026-09-07
ROUND:Z37,Z37,ROUND,Z,round faceted,round,4.0,4.0,4.0,3.2,3.2,3.2,CONFIRMED,37,#8EB9E8,142,185,232,uploaded_catalogue_2026-09-07_sample,,True,confirmed,2.png,uploaded_catalogue_2026-09-07,True,NEW DATABASE ONLY. Old catalogue database removed. Visible in new round catalogue.,light blue,#8EB9E8,L=2.8mm; Z=4mm; W=5mm; D=6mm; suffix=color family,uploaded_catalogue_2026-09-07
ROUND:Z39,Z39,ROUND,Z,round faceted,round,4.0,4.0,4.0,3.2,3.2,3.2,CONFIRMED,39,#19B8D3,25,184,211,uploaded_catalogue_2026-09-07_sample,,True,confirmed,2.png,uploaded_catalogue_2026-09-07,True,NEW DATABASE ONLY. Old catalogue database removed. Visible in new round catalogue.,cyan blue,#19B8D3,L=2.8mm; Z=4mm; W=5mm; D=6mm; suffix=color family,uploaded_catalogue_2026-09-07
ROUND:Z47,Z47,ROUND,Z,round faceted,round,4.0,4.0,4.0,3.2,3.2,3.2,CONFIRMED,47,#1C55B8,28,85,184,uploaded_catalogue_2026-09-07_sample,,True,confirmed,2.png,uploaded_catalogue_2026-09-07,True,NEW DATABASE ONLY. Old catalogue database removed. Visible in new round catalogue.,royal blue,#1C55B8,L=2.8mm; Z=4mm; W=5mm; D=6mm; suffix=color family,uploaded_catalogue_2026-09-07
ROUND:Z50,Z50,ROUND,Z,round faceted,round,4.0,4.0,4.0,3.2,3.2,3.2,CONFIRMED,50,#2E2C9E,46,44,158,uploaded_catalogue_2026-09-07_sample,,True,confirmed,2.png,uploaded_catalogue_2026-09-07,True,NEW DATABASE ONLY. Old catalogue database removed. Visible in new round catalogue.,deep blue,#2E2C9E,L=2.8mm; Z=4mm; W=5mm; D=6mm; suffix=color family,uploaded_catalogue_2026-09-07
ROUND:Z74,Z74,ROUND,Z,round faceted,round,4.0,4.0,4.0,3.2,3.2,3.2,CONFIRMED,74,#C8742C,200,116,44,uploaded_catalogue_2026-09-07_sample,,True,confirmed,2.png,uploaded_catalogue_2026-09-07,True,NEW DATABASE ONLY. Old catalogue database removed. Visible in new round catalogue.,orange copper,#C8742C,L=2.8mm; Z=4mm; W=5mm; D=6mm; suffix=color family,uploaded_catalogue_2026-09-07
ROUND:Z77,Z77,ROUND,Z,round faceted,round,4.0,4.0,4.0,3.2,3.2,3.2,CONFIRMED,77,#4A2B25,74,43,37,uploaded_catalogue_2026-09-07_sample,,True,confirmed,2.png,uploaded_catalogue_2026-09-07,True,NEW DATABASE ONLY. Old catalogue database removed. Visible in new round catalogue.,dark brown,#4A2B25,L=2.8mm; Z=4mm; W=5mm; D=6mm; suffix=color family,uploaded_catalogue_2026-09-07
ROUND:Z94,Z94,ROUND,Z,round faceted,round,4.0,4.0,4.0,3.2,3.2,3.2,CONFIRMED,94,#EFEDEA,239,237,234,uploaded_catalogue_2026-09-07_sample,,True,confirmed,2.png,uploaded_catalogue_2026-09-07,True,NEW DATABASE ONLY. Old catalogue database removed. Visible in new round catalogue.,opaque white,#EFEDEA,L=2.8mm; Z=4mm; W=5mm; D=6mm; suffix=color family,uploaded_catalogue_2026-09-07
ROUND:Z93,Z93,ROUND,Z,round faceted,round,4.0,4.0,4.0,3.2,3.2,3.2,CONFIRMED,93,#171717,23,23,23,uploaded_catalogue_2026-09-07_sample,,True,confirmed,2.png,uploaded_catalogue_2026-09-07,True,NEW DATABASE ONLY. Old catalogue database removed. Visible in new round catalogue.,black,#171717,L=2.8mm; Z=4mm; W=5mm; D=6mm; suffix=color family,uploaded_catalogue_2026-09-07
ROUND:Z103,Z103,ROUND,Z,round faceted,round,4.0,4.0,4.0,3.2,3.2,3.2,CONFIRMED,103,#6B2E86,107,46,134,uploaded_catalogue_2026-09-07_sample,,True,confirmed,2.png,uploaded_catalogue_2026-09-07,True,NEW DATABASE ONLY. Old catalogue database removed. Visible in new round catalogue.,purple,#6B2E86,L=2.8mm; Z=4mm; W=5mm; D=6mm; suffix=color family,uploaded_catalogue_2026-09-07
ROUND:Z25,Z25,ROUND,Z,round faceted,round,4.0,4.0,4.0,3.2,3.2,3.2,CONFIRMED,25,#2E8B57,46,139,87,uploaded_catalogue_2026-09-07_sample,,True,confirmed,2.png,uploaded_catalogue_2026-09-07,True,NEW DATABASE ONLY. Old catalogue database removed. Visible in new round catalogue.,green,#2E8B57,L=2.8mm; Z=4mm; W=5mm; D=6mm; suffix=color family,uploaded_catalogue_2026-09-07
ROUND:Z156,Z156,ROUND,Z,round faceted,round,4.0,4.0,4.0,3.2,3.2,3.2,CONFIRMED,156,#8A6DB2,138,109,178,uploaded_catalogue_2026-09-07_sample,,True,confirmed,2.png,uploaded_catalogue_2026-09-07,True,NEW DATABASE ONLY. Old catalogue database removed. Visible in new round catalogue.,lavender,#8A6DB2,L=2.8mm; Z=4mm; W=5mm; D=6mm; suffix=color family,uploaded_catalogue_2026-09-07
ROUND:Z16,Z16,ROUND,Z,round faceted,round,4.0,4.0,4.0,3.2,3.2,3.2,CONFIRMED,16,#C8952F,200,149,47,uploaded_catalogue_2026-09-07_sample,,True,confirmed,2.png,uploaded_catalogue_2026-09-07,True,NEW DATABASE ONLY. Old catalogue database removed. Visible in new round catalogue.,gold amber,#C8952F,L=2.8mm; Z=4mm; W=5mm; D=6mm; suffix=color family,uploaded_catalogue_2026-09-07
ROUND:D1,D1,ROUND,D,round faceted,round,6.0,6.0,6.0,5.2,5.2,5.2,DERIVED,1,#F2F2F2,242,242,242,uploaded_catalogue_2026-09-07_sample,,True,confirmed,2.png,uploaded_catalogue_2026-09-07,True,NEW DATABASE ONLY. Old catalogue database removed. Visible in new round catalogue.,clear / crystal,#F2F2F2,L=2.8mm; Z=4mm; W=5mm; D=6mm; suffix=color family,uploaded_catalogue_2026-09-07
ROUND:D4,D4,ROUND,D,round faceted,round,6.0,6.0,6.0,5.2,5.2,5.2,DERIVED,4,#C51E2A,197,30,42,uploaded_catalogue_2026-09-07_sample,,True,confirmed,2.png,uploaded_catalogue_2026-09-07,True,NEW DATABASE ONLY. Old catalogue database removed. Visible in new round catalogue.,red,#C51E2A,L=2.8mm; Z=4mm; W=5mm; D=6mm; suffix=color family,uploaded_catalogue_2026-09-07
ROUND:D6,D6,ROUND,D,round faceted,round,6.0,6.0,6.0,5.2,5.2,5.2,DERIVED,6,#F4B7C8,244,183,200,uploaded_catalogue_2026-09-07_sample,,True,confirmed,2.png,uploaded_catalogue_2026-09-07,True,NEW DATABASE ONLY. Old catalogue database removed. Visible in new round catalogue.,light pink,#F4B7C8,L=2.8mm; Z=4mm; W=5mm; D=6mm; suffix=color family,uploaded_catalogue_2026-09-07
ROUND:D8,D8,ROUND,D,round faceted,round,6.0,6.0,6.0,5.2,5.2,5.2,DERIVED,8,#D83A9A,216,58,154,uploaded_catalogue_2026-09-07_sample,,True,confirmed,2.png,uploaded_catalogue_2026-09-07,True,NEW DATABASE ONLY. Old catalogue database removed. Visible in new round catalogue.,magenta pink,#D83A9A,L=2.8mm; Z=4mm; W=5mm; D=6mm; suffix=color family,uploaded_catalogue_2026-09-07
ROUND:D10,D10,ROUND,D,round faceted,round,6.0,6.0,6.0,5.2,5.2,5.2,DERIVED,10,#B7194D,183,25,77,uploaded_catalogue_2026-09-07_sample,,True,confirmed,2.png,uploaded_catalogue_2026-09-07,True,NEW DATABASE ONLY. Old catalogue database removed. Visible in new round catalogue.,deep pink red,#B7194D,L=2.8mm; Z=4mm; W=5mm; D=6mm; suffix=color family,uploaded_catalogue_2026-09-07
ROUND:D17,D17,ROUND,D,round faceted,round,6.0,6.0,6.0,5.2,5.2,5.2,DERIVED,17,#B9A06D,185,160,109,uploaded_catalogue_2026-09-07_sample,,True,confirmed,2.png,uploaded_catalogue_2026-09-07,True,NEW DATABASE ONLY. Old catalogue database removed. Visible in new round catalogue.,champagne gold,#B9A06D,L=2.8mm; Z=4mm; W=5mm; D=6mm; suffix=color family,uploaded_catalogue_2026-09-07
ROUND:D23,D23,ROUND,D,round faceted,round,6.0,6.0,6.0,5.2,5.2,5.2,DERIVED,23,#E4D21E,228,210,30,uploaded_catalogue_2026-09-07_sample,,True,confirmed,2.png,uploaded_catalogue_2026-09-07,True,NEW DATABASE ONLY. Old catalogue database removed. Visible in new round catalogue.,yellow,#E4D21E,L=2.8mm; Z=4mm; W=5mm; D=6mm; suffix=color family,uploaded_catalogue_2026-09-07
ROUND:D26,D26,ROUND,D,round faceted,round,6.0,6.0,6.0,5.2,5.2,5.2,DERIVED,26,#137344,19,115,68,uploaded_catalogue_2026-09-07_sample,,True,confirmed,2.png,uploaded_catalogue_2026-09-07,True,NEW DATABASE ONLY. Old catalogue database removed. Visible in new round catalogue.,emerald green,#137344,L=2.8mm; Z=4mm; W=5mm; D=6mm; suffix=color family,uploaded_catalogue_2026-09-07
ROUND:D37,D37,ROUND,D,round faceted,round,6.0,6.0,6.0,5.2,5.2,5.2,DERIVED,37,#8EB9E8,142,185,232,uploaded_catalogue_2026-09-07_sample,,True,confirmed,2.png,uploaded_catalogue_2026-09-07,True,NEW DATABASE ONLY. Old catalogue database removed. Visible in new round catalogue.,light blue,#8EB9E8,L=2.8mm; Z=4mm; W=5mm; D=6mm; suffix=color family,uploaded_catalogue_2026-09-07
ROUND:D39,D39,ROUND,D,round faceted,round,6.0,6.0,6.0,5.2,5.2,5.2,DERIVED,39,#19B8D3,25,184,211,uploaded_catalogue_2026-09-07_sample,,True,confirmed,2.png,uploaded_catalogue_2026-09-07,True,NEW DATABASE ONLY. Old catalogue database removed. Visible in new round catalogue.,cyan blue,#19B8D3,L=2.8mm; Z=4mm; W=5mm; D=6mm; suffix=color family,uploaded_catalogue_2026-09-07
ROUND:D47,D47,ROUND,D,round faceted,round,6.0,6.0,6.0,5.2,5.2,5.2,DERIVED,47,#1C55B8,28,85,184,uploaded_catalogue_2026-09-07_sample,,True,confirmed,2.png,uploaded_catalogue_2026-09-07,True,NEW DATABASE ONLY. Old catalogue database removed. Visible in new round catalogue.,royal blue,#1C55B8,L=2.8mm; Z=4mm; W=5mm; D=6mm; suffix=color family,uploaded_catalogue_2026-09-07
ROUND:D50,D50,ROUND,D,round faceted,round,6.0,6.0,6.0,5.2,5.2,5.2,DERIVED,50,#2E2C9E,46,44,158,uploaded_catalogue_2026-09-07_sample,,True,confirmed,2.png,uploaded_catalogue_2026-09-07,True,NEW DATABASE ONLY. Old catalogue database removed. Visible in new round catalogue.,deep blue,#2E2C9E,L=2.8mm; Z=4mm; W=5mm; D=6mm; suffix=color family,uploaded_catalogue_2026-09-07
ROUND:D74,D74,ROUND,D,round faceted,round,6.0,6.0,6.0,5.2,5.2,5.2,DERIVED,74,#C8742C,200,116,44,uploaded_catalogue_2026-09-07_sample,,True,confirmed,2.png,uploaded_catalogue_2026-09-07,True,NEW DATABASE ONLY. Old catalogue database removed. Visible in new round catalogue.,orange copper,#C8742C,L=2.8mm; Z=4mm; W=5mm; D=6mm; suffix=color family,uploaded_catalogue_2026-09-07
ROUND:D77,D77,ROUND,D,round faceted,round,6.0,6.0,6.0,5.2,5.2,5.2,DERIVED,77,#4A2B25,74,43,37,uploaded_catalogue_2026-09-07_sample,,True,confirmed,2.png,uploaded_catalogue_2026-09-07,True,NEW DATABASE ONLY. Old catalogue database removed. Visible in new round catalogue.,dark brown,#4A2B25,L=2.8mm; Z=4mm; W=5mm; D=6mm; suffix=color family,uploaded_catalogue_2026-09-07
ROUND:D94,D94,ROUND,D,round faceted,round,6.0,6.0,6.0,5.2,5.2,5.2,DERIVED,94,#EFEDEA,239,237,234,uploaded_catalogue_2026-09-07_sample,,True,confirmed,2.png,uploaded_catalogue_2026-09-07,True,NEW DATABASE ONLY. Old catalogue database removed. Visible in new round catalogue.,opaque white,#EFEDEA,L=2.8mm; Z=4mm; W=5mm; D=6mm; suffix=color family,uploaded_catalogue_2026-09-07
ROUND:D93,D93,ROUND,D,round faceted,round,6.0,6.0,6.0,5.2,5.2,5.2,DERIVED,93,#171717,23,23,23,uploaded_catalogue_2026-09-07_sample,,True,confirmed,2.png,uploaded_catalogue_2026-09-07,True,NEW DATABASE ONLY. Old catalogue database removed. Visible in new round catalogue.,black,#171717,L=2.8mm; Z=4mm; W=5mm; D=6mm; suffix=color family,uploaded_catalogue_2026-09-07
ROUND:D103,D103,ROUND,D,round faceted,round,6.0,6.0,6.0,5.2,5.2,5.2,DERIVED,103,#6B2E86,107,46,134,uploaded_catalogue_2026-09-07_sample,,True,confirmed,2.png,uploaded_catalogue_2026-09-07,True,NEW DATABASE ONLY. Old catalogue database removed. Visible in new round catalogue.,purple,#6B2E86,L=2.8mm; Z=4mm; W=5mm; D=6mm; suffix=color family,uploaded_catalogue_2026-09-07
ROUND:D25,D25,ROUND,D,round faceted,round,6.0,6.0,6.0,5.2,5.2,5.2,DERIVED,25,#2E8B57,46,139,87,uploaded_catalogue_2026-09-07_sample,,True,confirmed,2.png,uploaded_catalogue_2026-09-07,True,NEW DATABASE ONLY. Old catalogue database removed. Visible in new round catalogue.,green,#2E8B57,L=2.8mm; Z=4mm; W=5mm; D=6mm; suffix=color family,uploaded_catalogue_2026-09-07
ROUND:D156,D156,ROUND,D,round faceted,round,6.0,6.0,6.0,5.2,5.2,5.2,DERIVED,156,#8A6DB2,138,109,178,uploaded_catalogue_2026-09-07_sample,,True,confirmed,2.png,uploaded_catalogue_2026-09-07,True,NEW DATABASE ONLY. Old catalogue database removed. Visible in new round catalogue.,lavender,#8A6DB2,L=2.8mm; Z=4mm; W=5mm; D=6mm; suffix=color family,uploaded_catalogue_2026-09-07
ROUND:D16,D16,ROUND,D,round faceted,round,6.0,6.0,6.0,5.2,5.2,5.2,DERIVED,16,#C8952F,200,149,47,uploaded_catalogue_2026-09-07_sample,,True,confirmed,2.png,uploaded_catalogue_2026-09-07,True,NEW DATABASE ONLY. Old catalogue database removed. Visible in new round catalogue.,gold amber,#C8952F,L=2.8mm; Z=4mm; W=5mm; D=6mm; suffix=color family,uploaded_catalogue_2026-09-07
ROUND:W1,W1,ROUND,W,round faceted,round,5.0,5.0,5.0,4.2,4.2,4.2,CONFIRMED,1,#F2F2F2,242,242,242,uploaded_catalogue_2026-09-07_sample,,True,confirmed,2.png,uploaded_catalogue_2026-09-07,True,NEW DATABASE ONLY. Old catalogue database removed. Visible in new round catalogue.,clear / crystal,#F2F2F2,L=2.8mm; Z=4mm; W=5mm; D=6mm; suffix=color family,uploaded_catalogue_2026-09-07
ROUND:W4,W4,ROUND,W,round faceted,round,5.0,5.0,5.0,4.2,4.2,4.2,CONFIRMED,4,#C51E2A,197,30,42,uploaded_catalogue_2026-09-07_sample,,True,confirmed,2.png,uploaded_catalogue_2026-09-07,True,NEW DATABASE ONLY. Old catalogue database removed. Visible in new round catalogue.,red,#C51E2A,L=2.8mm; Z=4mm; W=5mm; D=6mm; suffix=color family,uploaded_catalogue_2026-09-07
ROUND:W6,W6,ROUND,W,round faceted,round,5.0,5.0,5.0,4.2,4.2,4.2,CONFIRMED,6,#F4B7C8,244,183,200,uploaded_catalogue_2026-09-07_sample,,True,confirmed,2.png,uploaded_catalogue_2026-09-07,True,NEW DATABASE ONLY. Old catalogue database removed. Visible in new round catalogue.,light pink,#F4B7C8,L=2.8mm; Z=4mm; W=5mm; D=6mm; suffix=color family,uploaded_catalogue_2026-09-07
ROUND:W8,W8,ROUND,W,round faceted,round,5.0,5.0,5.0,4.2,4.2,4.2,CONFIRMED,8,#D83A9A,216,58,154,uploaded_catalogue_2026-09-07_sample,,True,confirmed,2.png,uploaded_catalogue_2026-09-07,True,NEW DATABASE ONLY. Old catalogue database removed. Visible in new round catalogue.,magenta pink,#D83A9A,L=2.8mm; Z=4mm; W=5mm; D=6mm; suffix=color family,uploaded_catalogue_2026-09-07
ROUND:W10,W10,ROUND,W,round faceted,round,5.0,5.0,5.0,4.2,4.2,4.2,CONFIRMED,10,#B7194D,183,25,77,uploaded_catalogue_2026-09-07_sample,,True,confirmed,2.png,uploaded_catalogue_2026-09-07,True,NEW DATABASE ONLY. Old catalogue database removed. Visible in new round catalogue.,deep pink red,#B7194D,L=2.8mm; Z=4mm; W=5mm; D=6mm; suffix=color family,uploaded_catalogue_2026-09-07
ROUND:W17,W17,ROUND,W,round faceted,round,5.0,5.0,5.0,4.2,4.2,4.2,CONFIRMED,17,#B9A06D,185,160,109,uploaded_catalogue_2026-09-07_sample,,True,confirmed,2.png,uploaded_catalogue_2026-09-07,True,NEW DATABASE ONLY. Old catalogue database removed. Visible in new round catalogue.,champagne gold,#B9A06D,L=2.8mm; Z=4mm; W=5mm; D=6mm; suffix=color family,uploaded_catalogue_2026-09-07
ROUND:W23,W23,ROUND,W,round faceted,round,5.0,5.0,5.0,4.2,4.2,4.2,CONFIRMED,23,#E4D21E,228,210,30,uploaded_catalogue_2026-09-07_sample,,True,confirmed,2.png,uploaded_catalogue_2026-09-07,True,NEW DATABASE ONLY. Old catalogue database removed. Visible in new round catalogue.,yellow,#E4D21E,L=2.8mm; Z=4mm; W=5mm; D=6mm; suffix=color family,uploaded_catalogue_2026-09-07
ROUND:W26,W26,ROUND,W,round faceted,round,5.0,5.0,5.0,4.2,4.2,4.2,CONFIRMED,26,#137344,19,115,68,uploaded_catalogue_2026-09-07_sample,,True,confirmed,2.png,uploaded_catalogue_2026-09-07,True,NEW DATABASE ONLY. Old catalogue database removed. Visible in new round catalogue.,emerald green,#137344,L=2.8mm; Z=4mm; W=5mm; D=6mm; suffix=color family,uploaded_catalogue_2026-09-07
ROUND:W37,W37,ROUND,W,round faceted,round,5.0,5.0,5.0,4.2,4.2,4.2,CONFIRMED,37,#8EB9E8,142,185,232,uploaded_catalogue_2026-09-07_sample,,True,confirmed,2.png,uploaded_catalogue_2026-09-07,True,NEW DATABASE ONLY. Old catalogue database removed. Visible in new round catalogue.,light blue,#8EB9E8,L=2.8mm; Z=4mm; W=5mm; D=6mm; suffix=color family,uploaded_catalogue_2026-09-07
ROUND:W39,W39,ROUND,W,round faceted,round,5.0,5.0,5.0,4.2,4.2,4.2,CONFIRMED,39,#19B8D3,25,184,211,uploaded_catalogue_2026-09-07_sample,,True,confirmed,2.png,uploaded_catalogue_2026-09-07,True,NEW DATABASE ONLY. Old catalogue database removed. Visible in new round catalogue.,cyan blue,#19B8D3,L=2.8mm; Z=4mm; W=5mm; D=6mm; suffix=color family,uploaded_catalogue_2026-09-07
ROUND:W50,W50,ROUND,W,round faceted,round,5.0,5.0,5.0,4.2,4.2,4.2,CONFIRMED,50,#2E2C9E,46,44,158,uploaded_catalogue_2026-09-07_sample,,True,confirmed,2.png,uploaded_catalogue_2026-09-07,True,NEW DATABASE ONLY. Old catalogue database removed. Visible in new round catalogue.,deep blue,#2E2C9E,L=2.8mm; Z=4mm; W=5mm; D=6mm; suffix=color family,uploaded_catalogue_2026-09-07
ROUND:W74,W74,ROUND,W,round faceted,round,5.0,5.0,5.0,4.2,4.2,4.2,CONFIRMED,74,#C8742C,200,116,44,uploaded_catalogue_2026-09-07_sample,,True,confirmed,2.png,uploaded_catalogue_2026-09-07,True,NEW DATABASE ONLY. Old catalogue database removed. Visible in new round catalogue.,orange copper,#C8742C,L=2.8mm; Z=4mm; W=5mm; D=6mm; suffix=color family,uploaded_catalogue_2026-09-07
ROUND:W77,W77,ROUND,W,round faceted,round,5.0,5.0,5.0,4.2,4.2,4.2,CONFIRMED,77,#4A2B25,74,43,37,uploaded_catalogue_2026-09-07_sample,,True,confirmed,2.png,uploaded_catalogue_2026-09-07,True,NEW DATABASE ONLY. Old catalogue database removed. Visible in new round catalogue.,dark brown,#4A2B25,L=2.8mm; Z=4mm; W=5mm; D=6mm; suffix=color family,uploaded_catalogue_2026-09-07
ROUND:W93,W93,ROUND,W,round faceted,round,5.0,5.0,5.0,4.2,4.2,4.2,CONFIRMED,93,#171717,23,23,23,uploaded_catalogue_2026-09-07_sample,,True,confirmed,2.png,uploaded_catalogue_2026-09-07,True,NEW DATABASE ONLY. Old catalogue database removed. Visible in new round catalogue.,black,#171717,L=2.8mm; Z=4mm; W=5mm; D=6mm; suffix=color family,uploaded_catalogue_2026-09-07
ROUND:W103,W103,ROUND,W,round faceted,round,5.0,5.0,5.0,4.2,4.2,4.2,CONFIRMED,103,#6B2E86,107,46,134,uploaded_catalogue_2026-09-07_sample,,True,confirmed,2.png,uploaded_catalogue_2026-09-07,True,NEW DATABASE ONLY. Old catalogue database removed. Visible in new round catalogue.,purple,#6B2E86,L=2.8mm; Z=4mm; W=5mm; D=6mm; suffix=color family,uploaded_catalogue_2026-09-07
ROUND:W25,W25,ROUND,W,round faceted,round,5.0,5.0,5.0,4.2,4.2,4.2,CONFIRMED,25,#2E8B57,46,139,87,uploaded_catalogue_2026-09-07_sample,,True,confirmed,2.png,uploaded_catalogue_2026-09-07,True,NEW DATABASE ONLY. Old catalogue database removed. Visible in new round catalogue.,green,#2E8B57,L=2.8mm; Z=4mm; W=5mm; D=6mm; suffix=color family,uploaded_catalogue_2026-09-07
ROUND:W156,W156,ROUND,W,round faceted,round,5.0,5.0,5.0,4.2,4.2,4.2,CONFIRMED,156,#8A6DB2,138,109,178,uploaded_catalogue_2026-09-07_sample,,True,confirmed,2.png,uploaded_catalogue_2026-09-07,True,NEW DATABASE ONLY. Old catalogue database removed. Visible in new round catalogue.,lavender,#8A6DB2,L=2.8mm; Z=4mm; W=5mm; D=6mm; suffix=color family,uploaded_catalogue_2026-09-07
ROUND:W16,W16,ROUND,W,round faceted,round,5.0,5.0,5.0,4.2,4.2,4.2,CONFIRMED,16,#C8952F,200,149,47,uploaded_catalogue_2026-09-07_sample,,True,confirmed,2.png,uploaded_catalogue_2026-09-07,True,NEW DATABASE ONLY. Old catalogue database removed. Visible in new round catalogue.,gold amber,#C8952F,L=2.8mm; Z=4mm; W=5mm; D=6mm; suffix=color family,uploaded_catalogue_2026-09-07
X:X001,X001,X,X,heart,heart,,4.0,4.0,,3.2,3.2,DERIVED_SPECIAL_SHAPE,RED,#C52D38,197,45,56,uploaded_catalogue_2026-09-07_sample,,True,confirmed,1.png,uploaded_catalogue_2026-09-07,True,NEW DATABASE ONLY. Old catalogue database removed. Heart row from new catalogue.,red,#C52D38,,uploaded_catalogue_2026-09-07
X:X002,X002,X,X,heart,heart,,4.0,4.0,,3.2,3.2,DERIVED_SPECIAL_SHAPE,CLEAR/WHITE,#E3E2E8,227,226,232,uploaded_catalogue_2026-09-07_sample,,True,confirmed,1.png,uploaded_catalogue_2026-09-07,True,NEW DATABASE ONLY. Old catalogue database removed. Heart row from new catalogue.,clear / crystal,#E3E2E8,,uploaded_catalogue_2026-09-07
X:X003,X003,X,X,heart,heart,,4.0,4.0,,3.2,3.2,DERIVED_SPECIAL_SHAPE,GREEN,#AAC66A,170,198,106,uploaded_catalogue_2026-09-07_sample,,True,confirmed,1.png,uploaded_catalogue_2026-09-07,True,NEW DATABASE ONLY. Old catalogue database removed. Heart row from new catalogue.,champagne,#AAC66A,,uploaded_catalogue_2026-09-07
X:X004,X004,X,X,heart,heart,,4.0,4.0,,3.2,3.2,DERIVED_SPECIAL_SHAPE,ORANGE,#C36935,195,105,53,uploaded_catalogue_2026-09-07_sample,,True,confirmed,1.png,uploaded_catalogue_2026-09-07,True,NEW DATABASE ONLY. Old catalogue database removed. Heart row from new catalogue.,gold,#C36935,,uploaded_catalogue_2026-09-07
X:X005,X005,X,X,heart,heart,,4.0,4.0,,3.2,3.2,DERIVED_SPECIAL_SHAPE,PINK/MAGENTA,#C42590,196,37,144,uploaded_catalogue_2026-09-07_sample,,True,confirmed,1.png,uploaded_catalogue_2026-09-07,True,NEW DATABASE ONLY. Old catalogue database removed. Heart row from new catalogue.,magenta,#C42590,,uploaded_catalogue_2026-09-07
X:X006,X006,X,X,heart,heart,,5.0,5.0,,4.2,4.2,DERIVED_SPECIAL_SHAPE,CLEAR/WHITE,#E1E3E9,225,227,233,uploaded_catalogue_2026-09-07_sample,,True,confirmed,1.png,uploaded_catalogue_2026-09-07,True,NEW DATABASE ONLY. Old catalogue database removed. Heart row from new catalogue.,clear / crystal,#E1E3E9,,uploaded_catalogue_2026-09-07
X:X007,X007,X,X,heart,heart,,5.0,5.0,,4.2,4.2,DERIVED_SPECIAL_SHAPE,PURPLE,#583368,88,51,104,uploaded_catalogue_2026-09-07_sample,,True,confirmed,1.png,uploaded_catalogue_2026-09-07,True,NEW DATABASE ONLY. Old catalogue database removed. Heart row from new catalogue.,purple,#583368,,uploaded_catalogue_2026-09-07
X:X008,X008,X,X,heart,heart,,5.0,5.0,,4.2,4.2,DERIVED_SPECIAL_SHAPE,PINK/MAGENTA,#D73FA8,215,63,168,uploaded_catalogue_2026-09-07_sample,,True,confirmed,1.png,uploaded_catalogue_2026-09-07,True,NEW DATABASE ONLY. Old catalogue database removed. Heart row from new catalogue.,magenta,#D73FA8,,uploaded_catalogue_2026-09-07
X:X009,X009,X,X,heart,heart,,5.0,5.0,,4.2,4.2,DERIVED_SPECIAL_SHAPE,YELLOW/GOLD,#CD9E1C,205,158,28,uploaded_catalogue_2026-09-07_sample,,True,confirmed,1.png,uploaded_catalogue_2026-09-07,True,NEW DATABASE ONLY. Old catalogue database removed. Heart row from new catalogue.,yellow,#CD9E1C,,uploaded_catalogue_2026-09-07
X:X010,X010,X,X,heart,heart,,5.0,5.0,,4.2,4.2,DERIVED_SPECIAL_SHAPE,PURPLE,#9B78A4,155,120,164,uploaded_catalogue_2026-09-07_sample,,True,confirmed,1.png,uploaded_catalogue_2026-09-07,True,NEW DATABASE ONLY. Old catalogue database removed. Heart row from new catalogue.,lavender,#9B78A4,,uploaded_catalogue_2026-09-07
X:X011,X011,X,X,heart,heart,,6.0,6.0,,5.2,5.2,DERIVED_SPECIAL_SHAPE,GREEN,#AACF49,170,207,73,uploaded_catalogue_2026-09-07_sample,,True,confirmed,1.png,uploaded_catalogue_2026-09-07,True,NEW DATABASE ONLY. Old catalogue database removed. Heart row from new catalogue.,lime,#AACF49,,uploaded_catalogue_2026-09-07
X:X012,X012,X,X,heart,heart,,6.0,6.0,,5.2,5.2,DERIVED_SPECIAL_SHAPE,PINK/MAGENTA,#D1A7B8,209,167,184,uploaded_catalogue_2026-09-07_sample,,True,confirmed,1.png,uploaded_catalogue_2026-09-07,True,NEW DATABASE ONLY. Old catalogue database removed. Heart row from new catalogue.,light pink,#D1A7B8,,uploaded_catalogue_2026-09-07
X:X013,X013,X,X,heart,heart,,6.0,6.0,,5.2,5.2,DERIVED_SPECIAL_SHAPE,RED,#C52F39,197,47,57,uploaded_catalogue_2026-09-07_sample,,True,confirmed,1.png,uploaded_catalogue_2026-09-07,True,NEW DATABASE ONLY. Old catalogue database removed. Heart row from new catalogue.,red,#C52F39,,uploaded_catalogue_2026-09-07
X:X014,X014,X,X,heart,heart,,6.0,6.0,,5.2,5.2,DERIVED_SPECIAL_SHAPE,GREEN,#A3CF5E,163,207,94,uploaded_catalogue_2026-09-07_sample,,True,confirmed,1.png,uploaded_catalogue_2026-09-07,True,NEW DATABASE ONLY. Old catalogue database removed. Heart row from new catalogue.,lime,#A3CF5E,,uploaded_catalogue_2026-09-07
X:X015,X015,X,X,heart,heart,,6.0,6.0,,5.2,5.2,DERIVED_SPECIAL_SHAPE,PURPLE,#602E6C,96,46,108,uploaded_catalogue_2026-09-07_sample,,True,confirmed,1.png,uploaded_catalogue_2026-09-07,True,NEW DATABASE ONLY. Old catalogue database removed. Heart row from new catalogue.,purple,#602E6C,,uploaded_catalogue_2026-09-07
X:X016,X016,X,X,heart,heart,,6.0,6.0,,5.2,5.2,DERIVED_SPECIAL_SHAPE,YELLOW/GOLD,#BF9628,191,150,40,uploaded_catalogue_2026-09-07_sample,,True,confirmed,1.png,uploaded_catalogue_2026-09-07,True,NEW DATABASE ONLY. Old catalogue database removed. Heart row from new catalogue.,gold,#BF9628,,uploaded_catalogue_2026-09-07
X:X017,X017,X,X,heart,heart,,6.0,6.0,,5.2,5.2,DERIVED_SPECIAL_SHAPE,PINK/MAGENTA,#AE4677,174,70,119,uploaded_catalogue_2026-09-07_sample,,True,confirmed,1.png,uploaded_catalogue_2026-09-07,True,NEW DATABASE ONLY. Old catalogue database removed. Heart row from new catalogue.,magenta,#AE4677,,uploaded_catalogue_2026-09-07
X:X018,X018,X,X,heart,heart,,6.0,6.0,,5.2,5.2,DERIVED_SPECIAL_SHAPE,PURPLE,#8E7194,142,113,148,uploaded_catalogue_2026-09-07_sample,,True,confirmed,1.png,uploaded_catalogue_2026-09-07,True,NEW DATABASE ONLY. Old catalogue database removed. Heart row from new catalogue.,gray,#8E7194,,uploaded_catalogue_2026-09-07
X:X019,X019,X,X,heart,heart,,6.0,6.0,,5.2,5.2,DERIVED_SPECIAL_SHAPE,CYAN/TEAL,#2CA9B6,44,169,182,uploaded_catalogue_2026-09-07_sample,,True,confirmed,1.png,uploaded_catalogue_2026-09-07,True,NEW DATABASE ONLY. Old catalogue database removed. Heart row from new catalogue.,cyan,#2CA9B6,,uploaded_catalogue_2026-09-07
X:X020,X020,X,X,heart,heart,,8.0,8.0,,7.2,7.2,DERIVED_SPECIAL_SHAPE,CYAN/TEAL,#2E5E50,46,94,80,uploaded_catalogue_2026-09-07_sample,,True,confirmed,1.png,uploaded_catalogue_2026-09-07,True,NEW DATABASE ONLY. Old catalogue database removed. Heart row from new catalogue.,green,#2E5E50,,uploaded_catalogue_2026-09-07
X:X021,X021,X,X,heart,heart,,8.0,8.0,,7.2,7.2,DERIVED_SPECIAL_SHAPE,PURPLE,#4D2562,77,37,98,uploaded_catalogue_2026-09-07_sample,,True,confirmed,1.png,uploaded_catalogue_2026-09-07,True,NEW DATABASE ONLY. Old catalogue database removed. Heart row from new catalogue.,navy,#4D2562,,uploaded_catalogue_2026-09-07
X:X022,X022,X,X,heart,heart,,8.0,8.0,,7.2,7.2,DERIVED_SPECIAL_SHAPE,RED,#7F2D34,127,45,52,uploaded_catalogue_2026-09-07_sample,,True,confirmed,1.png,uploaded_catalogue_2026-09-07,True,NEW DATABASE ONLY. Old catalogue database removed. Heart row from new catalogue.,deep red,#7F2D34,,uploaded_catalogue_2026-09-07
X:X023,X023,X,X,heart,heart,,8.0,8.0,,7.2,7.2,DERIVED_SPECIAL_SHAPE,CLEAR/WHITE,#D7D8DF,215,216,223,uploaded_catalogue_2026-09-07_sample,,True,confirmed,1.png,uploaded_catalogue_2026-09-07,True,NEW DATABASE ONLY. Old catalogue database removed. Heart row from new catalogue.,clear / crystal,#D7D8DF,,uploaded_catalogue_2026-09-07
X:X024,X024,X,X,heart,heart,,8.0,8.0,,7.2,7.2,DERIVED_SPECIAL_SHAPE,PINK/MAGENTA,#996F81,153,111,129,uploaded_catalogue_2026-09-07_sample,,True,confirmed,1.png,uploaded_catalogue_2026-09-07,True,NEW DATABASE ONLY. Old catalogue database removed. Heart row from new catalogue.,gray,#996F81,,uploaded_catalogue_2026-09-07
X:X025,X025,X,X,heart,heart,,8.0,8.0,,7.2,7.2,DERIVED_SPECIAL_SHAPE,YELLOW/GOLD,#4D4E3E,77,78,62,uploaded_catalogue_2026-09-07_sample,,True,confirmed,1.png,uploaded_catalogue_2026-09-07,True,NEW DATABASE ONLY. Old catalogue database removed. Heart row from new catalogue.,brown,#4D4E3E,,uploaded_catalogue_2026-09-07
X:X026,X026,X,X,heart,heart,,8.0,8.0,,7.2,7.2,DERIVED_SPECIAL_SHAPE,BLUE,#40444F,64,68,79,uploaded_catalogue_2026-09-07_sample,,True,confirmed,1.png,uploaded_catalogue_2026-09-07,True,NEW DATABASE ONLY. Old catalogue database removed. Heart row from new catalogue.,navy,#40444F,,uploaded_catalogue_2026-09-07
X:X027,X027,X,X,heart,heart,,8.0,8.0,,7.2,7.2,DERIVED_SPECIAL_SHAPE,PINK/MAGENTA,#571C2E,87,28,46,uploaded_catalogue_2026-09-07_sample,,True,confirmed,1.png,uploaded_catalogue_2026-09-07,True,NEW DATABASE ONLY. Old catalogue database removed. Heart row from new catalogue.,brown,#571C2E,,uploaded_catalogue_2026-09-07
X:X028,X028,X,X,heart,heart,,8.0,8.0,,7.2,7.2,DERIVED_SPECIAL_SHAPE,ORANGE,#5E361E,94,54,30,uploaded_catalogue_2026-09-07_sample,,True,confirmed,1.png,uploaded_catalogue_2026-09-07,True,NEW DATABASE ONLY. Old catalogue database removed. Heart row from new catalogue.,brown,#5E361E,,uploaded_catalogue_2026-09-07
X:X029,X029,X,X,heart,heart,,10.0,10.0,,9.2,9.2,DERIVED_SPECIAL_SHAPE,PURPLE,#341A4B,52,26,75,uploaded_catalogue_2026-09-07_sample,,True,confirmed,1.png,uploaded_catalogue_2026-09-07,True,NEW DATABASE ONLY. Old catalogue database removed. Canonical code follows physical row sequence; printed duplicate audited.,navy,#341A4B,,uploaded_catalogue_2026-09-07
X:X030,X030,X,X,heart,heart,,10.0,10.0,,9.2,9.2,DERIVED_SPECIAL_SHAPE,PINK/MAGENTA,#75203D,117,32,61,uploaded_catalogue_2026-09-07_sample,,True,confirmed,1.png,uploaded_catalogue_2026-09-07,True,NEW DATABASE ONLY. Old catalogue database removed. Canonical code follows physical row sequence; printed duplicate audited.,deep red,#75203D,,uploaded_catalogue_2026-09-07
X:X031,X031,X,X,heart,heart,,10.0,10.0,,9.2,9.2,DERIVED_SPECIAL_SHAPE,RED,#7D555E,125,85,94,uploaded_catalogue_2026-09-07_sample,,True,confirmed,1.png,uploaded_catalogue_2026-09-07,True,NEW DATABASE ONLY. Old catalogue database removed. Canonical code follows physical row sequence; printed duplicate audited.,brown,#7D555E,,uploaded_catalogue_2026-09-07
X:X032,X032,X,X,heart,heart,,10.0,10.0,,9.2,9.2,DERIVED_SPECIAL_SHAPE,BLUE,#192369,25,35,105,uploaded_catalogue_2026-09-07_sample,,True,confirmed,1.png,uploaded_catalogue_2026-09-07,True,NEW DATABASE ONLY. Old catalogue database removed. Canonical code follows physical row sequence; printed duplicate audited.,navy,#192369,,uploaded_catalogue_2026-09-07
X:X033,X033,X,X,heart,heart,,10.0,10.0,,9.2,9.2,DERIVED_SPECIAL_SHAPE,GREEN,#708267,112,130,103,uploaded_catalogue_2026-09-07_sample,,True,confirmed,1.png,uploaded_catalogue_2026-09-07,True,NEW DATABASE ONLY. Old catalogue database removed. Canonical code follows physical row sequence; printed duplicate audited.,gray,#708267,,uploaded_catalogue_2026-09-07
X:X034,X034,X,X,heart,heart,,10.0,10.0,,9.2,9.2,DERIVED_SPECIAL_SHAPE,PURPLE,#744C7F,116,76,127,uploaded_catalogue_2026-09-07_sample,,True,confirmed,1.png,uploaded_catalogue_2026-09-07,True,NEW DATABASE ONLY. Old catalogue database removed. Canonical code follows physical row sequence; printed duplicate audited.,purple,#744C7F,,uploaded_catalogue_2026-09-07
X:X035,X035,X,X,heart,heart,,10.0,10.0,,9.2,9.2,DERIVED_SPECIAL_SHAPE,RED,#A4141D,164,20,29,uploaded_catalogue_2026-09-07_sample,,True,confirmed,1.png,uploaded_catalogue_2026-09-07,True,NEW DATABASE ONLY. Old catalogue database removed. Canonical code follows physical row sequence; printed duplicate audited.,deep red,#A4141D,,uploaded_catalogue_2026-09-07
X:X036,X036,X,X,heart,heart,,10.0,10.0,,9.2,9.2,DERIVED_SPECIAL_SHAPE,BLUE,#647987,100,121,135,uploaded_catalogue_2026-09-07_sample,,True,confirmed,1.png,uploaded_catalogue_2026-09-07,True,NEW DATABASE ONLY. Old catalogue database removed. Canonical code follows physical row sequence; printed duplicate audited.,gray,#647987,,uploaded_catalogue_2026-09-07
X:X037,X037,X,X,heart,heart,,10.0,10.0,,9.2,9.2,DERIVED_SPECIAL_SHAPE,PURPLE,#5A5662,90,86,98,uploaded_catalogue_2026-09-07_sample,,True,confirmed,1.png,uploaded_catalogue_2026-09-07,True,NEW DATABASE ONLY. Old catalogue database removed. Canonical code follows physical row sequence; printed duplicate audited.,navy,#5A5662,,uploaded_catalogue_2026-09-07
X:X038,X038,X,X,heart,heart,,10.0,10.0,,9.2,9.2,DERIVED_SPECIAL_SHAPE,ORANGE,#7D5224,125,82,36,uploaded_catalogue_2026-09-07_sample,,True,confirmed,1.png,uploaded_catalogue_2026-09-07,True,NEW DATABASE ONLY. Old catalogue database removed. Canonical code follows physical row sequence; printed duplicate audited.,brown,#7D5224,,uploaded_catalogue_2026-09-07
X:X039,X039,X,X,heart,heart,,12.0,12.0,,11.2,11.2,DERIVED_SPECIAL_SHAPE,RED,#8B1F23,139,31,35,uploaded_catalogue_2026-09-07_sample,,True,confirmed,1.png,uploaded_catalogue_2026-09-07,True,NEW DATABASE ONLY. Old catalogue database removed. Canonical code follows physical row sequence; printed duplicate audited.,deep red,#8B1F23,,uploaded_catalogue_2026-09-07
X:X062,X062,X,X,star,star,,6.0,6.0,,5.2,5.2,DERIVED_SPECIAL_SHAPE,CLEAR/WHITE,#D9DBE0,217,219,224,uploaded_catalogue_2026-09-07_sample,,True,confirmed,1.png,uploaded_catalogue_2026-09-07,True,NEW DATABASE ONLY. Old catalogue database removed. Star row from new catalogue; X068 not shown.,clear / crystal,#D9DBE0,,uploaded_catalogue_2026-09-07
X:X063,X063,X,X,star,star,,6.0,6.0,,5.2,5.2,DERIVED_SPECIAL_SHAPE,ORANGE,#825E2F,130,94,47,uploaded_catalogue_2026-09-07_sample,,True,confirmed,1.png,uploaded_catalogue_2026-09-07,True,NEW DATABASE ONLY. Old catalogue database removed. Star row from new catalogue; X068 not shown.,brown,#825E2F,,uploaded_catalogue_2026-09-07
X:X064,X064,X,X,star,star,,8.0,8.0,,7.2,7.2,DERIVED_SPECIAL_SHAPE,BLUE,#595D69,89,93,105,uploaded_catalogue_2026-09-07_sample,,True,confirmed,1.png,uploaded_catalogue_2026-09-07,True,NEW DATABASE ONLY. Old catalogue database removed. Star row from new catalogue; X068 not shown.,green,#595D69,,uploaded_catalogue_2026-09-07
X:X065,X065,X,X,star,star,,8.0,8.0,,7.2,7.2,DERIVED_SPECIAL_SHAPE,YELLOW/GOLD,#795923,121,89,35,uploaded_catalogue_2026-09-07_sample,,True,confirmed,1.png,uploaded_catalogue_2026-09-07,True,NEW DATABASE ONLY. Old catalogue database removed. Star row from new catalogue; X068 not shown.,brown,#795923,,uploaded_catalogue_2026-09-07
X:X066,X066,X,X,star,star,,8.0,8.0,,7.2,7.2,DERIVED_SPECIAL_SHAPE,PURPLE,#554A63,85,74,99,uploaded_catalogue_2026-09-07_sample,,True,confirmed,1.png,uploaded_catalogue_2026-09-07,True,NEW DATABASE ONLY. Old catalogue database removed. Star row from new catalogue; X068 not shown.,navy,#554A63,,uploaded_catalogue_2026-09-07
X:X067,X067,X,X,star,star,,8.0,8.0,,7.2,7.2,DERIVED_SPECIAL_SHAPE,YELLOW/GOLD,#987B32,152,123,50,uploaded_catalogue_2026-09-07_sample,,True,confirmed,1.png,uploaded_catalogue_2026-09-07,True,NEW DATABASE ONLY. Old catalogue database removed. Star row from new catalogue; X068 not shown.,gold,#987B32,,uploaded_catalogue_2026-09-07
X:X069,X069,X,X,star,star,,10.0,10.0,,9.2,9.2,DERIVED_SPECIAL_SHAPE,PURPLE,#72607B,114,96,123,uploaded_catalogue_2026-09-07_sample,,True,confirmed,1.png,uploaded_catalogue_2026-09-07,True,NEW DATABASE ONLY. Old catalogue database removed. Star row from new catalogue; X068 not shown.,purple,#72607B,,uploaded_catalogue_2026-09-07
X:X070,X070,X,X,star,star,,10.0,10.0,,9.2,9.2,DERIVED_SPECIAL_SHAPE,PURPLE,#3C2E4C,60,46,76,uploaded_catalogue_2026-09-07_sample,,True,confirmed,1.png,uploaded_catalogue_2026-09-07,True,NEW DATABASE ONLY. Old catalogue database removed. Star row from new catalogue; X068 not shown.,navy,#3C2E4C,,uploaded_catalogue_2026-09-07
X:X071,X071,X,X,star,star,,10.0,10.0,,9.2,9.2,DERIVED_SPECIAL_SHAPE,YELLOW/GOLD,#76725D,118,114,93,uploaded_catalogue_2026-09-07_sample,,True,confirmed,1.png,uploaded_catalogue_2026-09-07,True,NEW DATABASE ONLY. Old catalogue database removed. Star row from new catalogue; X068 not shown.,gray,#76725D,,uploaded_catalogue_2026-09-07
X:X072,X072,X,X,star,star,,10.0,10.0,,9.2,9.2,DERIVED_SPECIAL_SHAPE,RED,#62282B,98,40,43,uploaded_catalogue_2026-09-07_sample,,True,confirmed,1.png,uploaded_catalogue_2026-09-07,True,NEW DATABASE ONLY. Old catalogue database removed. Star row from new catalogue; X068 not shown.,brown,#62282B,,uploaded_catalogue_2026-09-07
X:X073,X073,X,X,star,star,,10.0,10.0,,9.2,9.2,DERIVED_SPECIAL_SHAPE,PINK/MAGENTA,#772A54,119,42,84,uploaded_catalogue_2026-09-07_sample,,True,confirmed,1.png,uploaded_catalogue_2026-09-07,True,NEW DATABASE ONLY. Old catalogue database removed. Star row from new catalogue; X068 not shown.,deep red,#772A54,,uploaded_catalogue_2026-09-07
X:X074,X074,X,X,star,star,,10.0,10.0,,9.2,9.2,DERIVED_SPECIAL_SHAPE,PURPLE,#877887,135,120,135,uploaded_catalogue_2026-09-07_sample,,True,confirmed,1.png,uploaded_catalogue_2026-09-07,True,NEW DATABASE ONLY. Old catalogue database removed. Star row from new catalogue; X068 not shown.,gray,#877887,,uploaded_catalogue_2026-09-07
X:X075,X075,X,X,star,star,,10.0,10.0,,9.2,9.2,DERIVED_SPECIAL_SHAPE,BLUE,#1B3E64,27,62,100,uploaded_catalogue_2026-09-07_sample,,True,confirmed,1.png,uploaded_catalogue_2026-09-07,True,NEW DATABASE ONLY. Old catalogue database removed. Star row from new catalogue; X068 not shown.,navy,#1B3E64,,uploaded_catalogue_2026-09-07
H:H001,H001,H,H,flower,flower,6.0,6.0,6.0,5.2,5.2,5.2,DERIVED_SPECIAL_SHAPE,H001,#8B707C,139,112,124,uploaded_catalogue_2026-09-07_sample,,True,confirmed,1.png,uploaded_catalogue_2026-09-07,True,NEW DATABASE ONLY. Old catalogue database removed. Flower row from new catalogue.,gray,#8B707C,,uploaded_catalogue_2026-09-07
H:H002,H002,H,H,flower,flower,6.0,6.0,6.0,5.2,5.2,5.2,DERIVED_SPECIAL_SHAPE,H002,#3B0F62,59,15,98,uploaded_catalogue_2026-09-07_sample,,True,confirmed,1.png,uploaded_catalogue_2026-09-07,True,NEW DATABASE ONLY. Old catalogue database removed. Flower row from new catalogue.,navy,#3B0F62,,uploaded_catalogue_2026-09-07
H:H003,H003,H,H,flower,flower,6.0,6.0,6.0,5.2,5.2,5.2,DERIVED_SPECIAL_SHAPE,H003,#2F654B,47,101,75,uploaded_catalogue_2026-09-07_sample,,True,confirmed,1.png,uploaded_catalogue_2026-09-07,True,NEW DATABASE ONLY. Old catalogue database removed. Flower row from new catalogue.,green,#2F654B,,uploaded_catalogue_2026-09-07
H:H004,H004,H,H,flower,flower,6.0,6.0,6.0,5.2,5.2,5.2,DERIVED_SPECIAL_SHAPE,H004,#911D64,145,29,100,uploaded_catalogue_2026-09-07_sample,,True,confirmed,1.png,uploaded_catalogue_2026-09-07,True,NEW DATABASE ONLY. Old catalogue database removed. Flower row from new catalogue.,deep red,#911D64,,uploaded_catalogue_2026-09-07
H:H005,H005,H,H,flower,flower,6.0,6.0,6.0,5.2,5.2,5.2,DERIVED_SPECIAL_SHAPE,H005,#132A97,19,42,151,uploaded_catalogue_2026-09-07_sample,,True,confirmed,1.png,uploaded_catalogue_2026-09-07,True,NEW DATABASE ONLY. Old catalogue database removed. Flower row from new catalogue.,navy,#132A97,,uploaded_catalogue_2026-09-07
H:H006,H006,H,H,flower,flower,6.0,6.0,6.0,5.2,5.2,5.2,DERIVED_SPECIAL_SHAPE,H006,#D6D9DF,214,217,223,uploaded_catalogue_2026-09-07_sample,,True,confirmed,1.png,uploaded_catalogue_2026-09-07,True,NEW DATABASE ONLY. Old catalogue database removed. Flower row from new catalogue.,clear / crystal,#D6D9DF,,uploaded_catalogue_2026-09-07
H:H007,H007,H,H,flower,flower,6.0,6.0,6.0,5.2,5.2,5.2,DERIVED_SPECIAL_SHAPE,H007,#B21A1E,178,26,30,uploaded_catalogue_2026-09-07_sample,,True,confirmed,1.png,uploaded_catalogue_2026-09-07,True,NEW DATABASE ONLY. Old catalogue database removed. Flower row from new catalogue.,red,#B21A1E,,uploaded_catalogue_2026-09-07
H:H008,H008,H,H,flower,flower,6.0,6.0,6.0,5.2,5.2,5.2,DERIVED_SPECIAL_SHAPE,H008,#715F78,113,95,120,uploaded_catalogue_2026-09-07_sample,,True,confirmed,1.png,uploaded_catalogue_2026-09-07,True,NEW DATABASE ONLY. Old catalogue database removed. Flower row from new catalogue.,purple,#715F78,,uploaded_catalogue_2026-09-07
H:H009,H009,H,H,flower,flower,8.0,8.0,8.0,7.2,7.2,7.2,DERIVED_SPECIAL_SHAPE,H009,#9C751E,156,117,30,uploaded_catalogue_2026-09-07_sample,,True,confirmed,1.png,uploaded_catalogue_2026-09-07,True,NEW DATABASE ONLY. Old catalogue database removed. Flower row from new catalogue.,gold,#9C751E,,uploaded_catalogue_2026-09-07
H:H010,H010,H,H,flower,flower,8.0,8.0,8.0,7.2,7.2,7.2,DERIVED_SPECIAL_SHAPE,H010,#8E7379,142,115,121,uploaded_catalogue_2026-09-07_sample,,True,confirmed,1.png,uploaded_catalogue_2026-09-07,True,NEW DATABASE ONLY. Old catalogue database removed. Flower row from new catalogue.,gray,#8E7379,,uploaded_catalogue_2026-09-07
H:H011,H011,H,H,flower,flower,8.0,8.0,8.0,7.2,7.2,7.2,DERIVED_SPECIAL_SHAPE,H011,#1A5530,26,85,48,uploaded_catalogue_2026-09-07_sample,,True,confirmed,1.png,uploaded_catalogue_2026-09-07,True,NEW DATABASE ONLY. Old catalogue database removed. Flower row from new catalogue.,black,#1A5530,,uploaded_catalogue_2026-09-07
H:H012,H012,H,H,flower,flower,8.0,8.0,8.0,7.2,7.2,7.2,DERIVED_SPECIAL_SHAPE,H012,#911B69,145,27,105,uploaded_catalogue_2026-09-07_sample,,True,confirmed,1.png,uploaded_catalogue_2026-09-07,True,NEW DATABASE ONLY. Old catalogue database removed. Flower row from new catalogue.,magenta,#911B69,,uploaded_catalogue_2026-09-07
H:H013,H013,H,H,flower,flower,8.0,8.0,8.0,7.2,7.2,7.2,DERIVED_SPECIAL_SHAPE,H013,#44454F,68,69,79,uploaded_catalogue_2026-09-07_sample,,True,confirmed,1.png,uploaded_catalogue_2026-09-07,True,NEW DATABASE ONLY. Old catalogue database removed. Flower row from new catalogue.,navy,#44454F,,uploaded_catalogue_2026-09-07
H:H014,H014,H,H,flower,flower,8.0,8.0,8.0,7.2,7.2,7.2,DERIVED_SPECIAL_SHAPE,H014,#666070,102,96,112,uploaded_catalogue_2026-09-07_sample,,True,confirmed,1.png,uploaded_catalogue_2026-09-07,True,NEW DATABASE ONLY. Old catalogue database removed. Flower row from new catalogue.,purple,#666070,,uploaded_catalogue_2026-09-07
H:H015,H015,H,H,flower,flower,8.0,8.0,8.0,7.2,7.2,7.2,DERIVED_SPECIAL_SHAPE,H015,#197487,25,116,135,uploaded_catalogue_2026-09-07_sample,,True,confirmed,1.png,uploaded_catalogue_2026-09-07,True,NEW DATABASE ONLY. Old catalogue database removed. Flower row from new catalogue.,teal,#197487,,uploaded_catalogue_2026-09-07
H:H016,H016,H,H,flower,flower,8.0,8.0,8.0,7.2,7.2,7.2,DERIVED_SPECIAL_SHAPE,H016,#D5D8DE,213,216,222,uploaded_catalogue_2026-09-07_sample,,True,confirmed,1.png,uploaded_catalogue_2026-09-07,True,NEW DATABASE ONLY. Old catalogue database removed. Flower row from new catalogue.,clear / crystal,#D5D8DE,,uploaded_catalogue_2026-09-07
H:H017,H017,H,H,flower,flower,10.0,10.0,10.0,9.2,9.2,9.2,DERIVED_SPECIAL_SHAPE,H017,#991E22,153,30,34,uploaded_catalogue_2026-09-07_sample,,True,confirmed,1.png,uploaded_catalogue_2026-09-07,True,NEW DATABASE ONLY. Old catalogue database removed. Flower row from new catalogue.,deep red,#991E22,,uploaded_catalogue_2026-09-07
H:H018,H018,H,H,flower,flower,10.0,10.0,10.0,9.2,9.2,9.2,DERIVED_SPECIAL_SHAPE,H018,#837E69,131,126,105,uploaded_catalogue_2026-09-07_sample,,True,confirmed,1.png,uploaded_catalogue_2026-09-07,True,NEW DATABASE ONLY. Old catalogue database removed. Flower row from new catalogue.,gray,#837E69,,uploaded_catalogue_2026-09-07
H:H019,H019,H,H,flower,flower,10.0,10.0,10.0,9.2,9.2,9.2,DERIVED_SPECIAL_SHAPE,H019,#307180,48,113,128,uploaded_catalogue_2026-09-07_sample,,True,confirmed,1.png,uploaded_catalogue_2026-09-07,True,NEW DATABASE ONLY. Old catalogue database removed. Flower row from new catalogue.,teal,#307180,,uploaded_catalogue_2026-09-07
H:H020,H020,H,H,flower,flower,10.0,10.0,10.0,9.2,9.2,9.2,DERIVED_SPECIAL_SHAPE,H020,#4B1663,75,22,99,uploaded_catalogue_2026-09-07_sample,,True,confirmed,1.png,uploaded_catalogue_2026-09-07,True,NEW DATABASE ONLY. Old catalogue database removed. Flower row from new catalogue.,navy,#4B1663,,uploaded_catalogue_2026-09-07
H:H021,H021,H,H,flower,flower,10.0,10.0,10.0,9.2,9.2,9.2,DERIVED_SPECIAL_SHAPE,H021,#A97B92,169,123,146,uploaded_catalogue_2026-09-07_sample,,True,confirmed,1.png,uploaded_catalogue_2026-09-07,True,NEW DATABASE ONLY. Old catalogue database removed. Flower row from new catalogue.,gray,#A97B92,,uploaded_catalogue_2026-09-07
H:H022,H022,H,H,flower,flower,10.0,10.0,10.0,9.2,9.2,9.2,DERIVED_SPECIAL_SHAPE,H022,#1E4F39,30,79,57,uploaded_catalogue_2026-09-07_sample,,True,confirmed,1.png,uploaded_catalogue_2026-09-07,True,NEW DATABASE ONLY. Old catalogue database removed. Flower row from new catalogue.,navy,#1E4F39,,uploaded_catalogue_2026-09-07
H:H023,H023,H,H,flower,flower,10.0,10.0,10.0,9.2,9.2,9.2,DERIVED_SPECIAL_SHAPE,H023,#3D3F46,61,63,70,uploaded_catalogue_2026-09-07_sample,,True,confirmed,1.png,uploaded_catalogue_2026-09-07,True,NEW DATABASE ONLY. Old catalogue database removed. Flower row from new catalogue.,navy,#3D3F46,,uploaded_catalogue_2026-09-07
H:H024,H024,H,H,flower,flower,10.0,10.0,10.0,9.2,9.2,9.2,DERIVED_SPECIAL_SHAPE,H024,#442456,68,36,86,uploaded_catalogue_2026-09-07_sample,,True,confirmed,1.png,uploaded_catalogue_2026-09-07,True,NEW DATABASE ONLY. Old catalogue database removed. Flower row from new catalogue.,navy,#442456,,uploaded_catalogue_2026-09-07
H:H025,H025,H,H,flower,flower,10.0,10.0,10.0,9.2,9.2,9.2,DERIVED_SPECIAL_SHAPE,H025,#7B4516,123,69,22,uploaded_catalogue_2026-09-07_sample,,True,confirmed,1.png,uploaded_catalogue_2026-09-07,True,NEW DATABASE ONLY. Old catalogue database removed. Flower row from new catalogue.,brown,#7B4516,,uploaded_catalogue_2026-09-07
H:H026,H026,H,H,flower,flower,10.0,10.0,10.0,9.2,9.2,9.2,DERIVED_SPECIAL_SHAPE,H026,#324B5C,50,75,92,uploaded_catalogue_2026-09-07_sample,,True,confirmed,1.png,uploaded_catalogue_2026-09-07,True,NEW DATABASE ONLY. Old catalogue database removed. Flower row from new catalogue.,navy,#324B5C,,uploaded_catalogue_2026-09-07
H:H027,H027,H,H,flower,flower,10.0,10.0,10.0,9.2,9.2,9.2,DERIVED_SPECIAL_SHAPE,H027,#591323,89,19,35,uploaded_catalogue_2026-09-07_sample,,True,confirmed,1.png,uploaded_catalogue_2026-09-07,True,NEW DATABASE ONLY. Old catalogue database removed. Flower row from new catalogue.,brown,#591323,,uploaded_catalogue_2026-09-07
H:H028,H028,H,H,flower,flower,10.0,10.0,10.0,9.2,9.2,9.2,DERIVED_SPECIAL_SHAPE,H028,#7C4021,124,64,33,uploaded_catalogue_2026-09-07_sample,,True,confirmed,1.png,uploaded_catalogue_2026-09-07,True,NEW DATABASE ONLY. Old catalogue database removed. Flower row from new catalogue.,brown,#7C4021,,uploaded_catalogue_2026-09-07
H:H057,H057,H,H,rose,rose,10.0,10.0,10.0,9.2,9.2,9.2,DERIVED_SPECIAL_SHAPE,H057,#A52E28,165,46,40,uploaded_catalogue_2026-09-07_sample,,True,confirmed,1.png,uploaded_catalogue_2026-09-07,True,NEW DATABASE ONLY. Old catalogue database removed. Rose/flower row from new catalogue.,red,#A52E28,,uploaded_catalogue_2026-09-07
H:H058,H058,H,H,rose,rose,10.0,10.0,10.0,9.2,9.2,9.2,DERIVED_SPECIAL_SHAPE,H058,#9F5B5C,159,91,92,uploaded_catalogue_2026-09-07_sample,,True,confirmed,1.png,uploaded_catalogue_2026-09-07,True,NEW DATABASE ONLY. Old catalogue database removed. Rose/flower row from new catalogue.,magenta,#9F5B5C,,uploaded_catalogue_2026-09-07
H:H059,H059,H,H,rose,rose,10.0,10.0,10.0,9.2,9.2,9.2,DERIVED_SPECIAL_SHAPE,H059,#B18522,177,133,34,uploaded_catalogue_2026-09-07_sample,,True,confirmed,1.png,uploaded_catalogue_2026-09-07,True,NEW DATABASE ONLY. Old catalogue database removed. Rose/flower row from new catalogue.,gold,#B18522,,uploaded_catalogue_2026-09-07
H:H060,H060,H,H,flower,flower,8.0,8.0,8.0,7.2,7.2,7.2,DERIVED_SPECIAL_SHAPE,H060,#CFD3D9,207,211,217,uploaded_catalogue_2026-09-07_sample,,True,confirmed,1.png,uploaded_catalogue_2026-09-07,True,NEW DATABASE ONLY. Old catalogue database removed. Rose/flower row from new catalogue.,clear / crystal,#CFD3D9,,uploaded_catalogue_2026-09-07
H:H061,H061,H,H,flower,flower,8.0,8.0,8.0,7.2,7.2,7.2,DERIVED_SPECIAL_SHAPE,H061,#C490A8,196,144,168,uploaded_catalogue_2026-09-07_sample,,True,confirmed,1.png,uploaded_catalogue_2026-09-07,True,NEW DATABASE ONLY. Old catalogue database removed. Rose/flower row from new catalogue.,pink,#C490A8,,uploaded_catalogue_2026-09-07
H:H062,H062,H,H,flower,flower,8.0,8.0,8.0,7.2,7.2,7.2,DERIVED_SPECIAL_SHAPE,H062,#877199,135,113,153,uploaded_catalogue_2026-09-07_sample,,True,confirmed,1.png,uploaded_catalogue_2026-09-07,True,NEW DATABASE ONLY. Old catalogue database removed. Rose/flower row from new catalogue.,gray,#877199,,uploaded_catalogue_2026-09-07
H:H063,H063,H,H,flower,flower,8.0,8.0,8.0,7.2,7.2,7.2,DERIVED_SPECIAL_SHAPE,H063,#3F91A4,63,145,164,uploaded_catalogue_2026-09-07_sample,,True,confirmed,1.png,uploaded_catalogue_2026-09-07,True,NEW DATABASE ONLY. Old catalogue database removed. Rose/flower row from new catalogue.,teal,#3F91A4,,uploaded_catalogue_2026-09-07
H:H064,H064,H,H,flower,flower,8.0,8.0,8.0,7.2,7.2,7.2,DERIVED_SPECIAL_SHAPE,H064,#548F9D,84,143,157,uploaded_catalogue_2026-09-07_sample,,True,confirmed,1.png,uploaded_catalogue_2026-09-07,True,NEW DATABASE ONLY. Old catalogue database removed. Rose/flower row from new catalogue.,teal,#548F9D,,uploaded_catalogue_2026-09-07
H:H065,H065,H,H,flower,flower,8.0,8.0,8.0,7.2,7.2,7.2,DERIVED_SPECIAL_SHAPE,H065,#991C22,153,28,34,uploaded_catalogue_2026-09-07_sample,,True,confirmed,1.png,uploaded_catalogue_2026-09-07,True,NEW DATABASE ONLY. Old catalogue database removed. Rose/flower row from new catalogue.,deep red,#991C22,,uploaded_catalogue_2026-09-07
S:S001,S001,S,S,teardrop / pear,teardrop,4,2,4,3.2,1.6,3.2,DERIVED_SPECIAL_SHAPE,CLEAR/WHITE,#EAEAED,234,234,237,catalog_visual_resampled_2026-09-21,,True,confirmed,3.png,uploaded_catalogue_2026-09-07,True,NEW DATABASE ONLY. Old catalogue database removed. Visible row in new S catalogue; canonical row sequence used for duplicate print labels. COLOR AUDIT 2026-09-21: visual color resampled from supplier catalogue stone cell.,,#EAEAED,,uploaded_catalogue_2026-09-07
S:S002,S002,S,S,teardrop / pear,teardrop,4,2,4,3.2,1.6,3.2,DERIVED_SPECIAL_SHAPE,CLEAR/WHITE,#ECEAED,236,234,237,catalog_visual_resampled_2026-09-21,,True,confirmed,3.png,uploaded_catalogue_2026-09-07,True,NEW DATABASE ONLY. Old catalogue database removed. Visible row in new S catalogue; canonical row sequence used for duplicate print labels. COLOR AUDIT 2026-09-21: visual color resampled from supplier catalogue stone cell.,,#ECEAED,,uploaded_catalogue_2026-09-07
S:S003,S003,S,S,teardrop / pear,teardrop,4,2,4,3.2,1.6,3.2,DERIVED_SPECIAL_SHAPE,RED,#D0737A,208,115,122,catalog_visual_resampled_2026-09-21,,True,confirmed,3.png,uploaded_catalogue_2026-09-07,True,NEW DATABASE ONLY. Old catalogue database removed. Visible row in new S catalogue; canonical row sequence used for duplicate print labels. COLOR AUDIT 2026-09-21: visual color resampled from supplier catalogue stone cell.,,#D0737A,,uploaded_catalogue_2026-09-07
S:S004,S004,S,S,teardrop / pear,teardrop,4,2,4,3.2,1.6,3.2,DERIVED_SPECIAL_SHAPE,YELLOW/GOLD,#C7B572,199,181,114,catalog_visual_resampled_2026-09-21,,True,confirmed,3.png,uploaded_catalogue_2026-09-07,True,NEW DATABASE ONLY. Old catalogue database removed. Visible row in new S catalogue; canonical row sequence used for duplicate print labels. COLOR AUDIT 2026-09-21: visual color resampled from supplier catalogue stone cell.,,#C7B572,,uploaded_catalogue_2026-09-07
S:S005,S005,S,S,teardrop / pear,teardrop,4,2,4,3.2,1.6,3.2,DERIVED_SPECIAL_SHAPE,PINK/MAGENTA,#D2267B,210,38,123,catalog_visual_resampled_2026-09-21,,True,confirmed,3.png,uploaded_catalogue_2026-09-07,True,NEW DATABASE ONLY. Old catalogue database removed. Visible row in new S catalogue; canonical row sequence used for duplicate print labels. COLOR AUDIT 2026-09-21: visual color resampled from supplier catalogue stone cell.,,#D2267B,,uploaded_catalogue_2026-09-07
S:S006,S006,S,S,teardrop / pear,teardrop,4,2,4,3.2,1.6,3.2,DERIVED_SPECIAL_SHAPE,BLUE,#1D38A8,29,56,168,catalog_visual_resampled_2026-09-21,,True,confirmed,3.png,uploaded_catalogue_2026-09-07,True,NEW DATABASE ONLY. Old catalogue database removed. Visible row in new S catalogue; canonical row sequence used for duplicate print labels. COLOR AUDIT 2026-09-21: visual color resampled from supplier catalogue stone cell.,,#1D38A8,,uploaded_catalogue_2026-09-07
S:S007,S007,S,S,teardrop / pear,teardrop,4,2,4,3.2,1.6,3.2,DERIVED_SPECIAL_SHAPE,CYAN/TEAL,#8CB8C1,140,184,193,catalog_visual_resampled_2026-09-21,,True,confirmed,3.png,uploaded_catalogue_2026-09-07,True,NEW DATABASE ONLY. Old catalogue database removed. Visible row in new S catalogue; canonical row sequence used for duplicate print labels. COLOR AUDIT 2026-09-21: visual color resampled from supplier catalogue stone cell.,,#8CB8C1,,uploaded_catalogue_2026-09-07
S:S008,S008,S,S,teardrop / pear,teardrop,4,2,4,3.2,1.6,3.2,DERIVED_SPECIAL_SHAPE,CYAN/TEAL,#8AD8BD,138,216,189,catalog_visual_resampled_2026-09-21,,True,confirmed,3.png,uploaded_catalogue_2026-09-07,True,NEW DATABASE ONLY. Old catalogue database removed. Visible row in new S catalogue; canonical row sequence used for duplicate print labels. COLOR AUDIT 2026-09-21: visual color resampled from supplier catalogue stone cell.,,#8AD8BD,,uploaded_catalogue_2026-09-07
S:S009,S009,S,S,teardrop / pear,teardrop,4,2,4,3.2,1.6,3.2,DERIVED_SPECIAL_SHAPE,GREEN,#B8C994,184,201,148,catalog_visual_resampled_2026-09-21,,True,confirmed,3.png,uploaded_catalogue_2026-09-07,True,NEW DATABASE ONLY. Old catalogue database removed. Visible row in new S catalogue; canonical row sequence used for duplicate print labels. COLOR AUDIT 2026-09-21: visual color resampled from supplier catalogue stone cell.,,#B8C994,,uploaded_catalogue_2026-09-07
S:S010,S010,S,S,teardrop / pear,teardrop,4,2,4,3.2,1.6,3.2,DERIVED_SPECIAL_SHAPE,PURPLE,#9516B7,149,22,183,catalog_visual_resampled_2026-09-21,,True,confirmed,3.png,uploaded_catalogue_2026-09-07,True,NEW DATABASE ONLY. Old catalogue database removed. Visible row in new S catalogue; canonical row sequence used for duplicate print labels. COLOR AUDIT 2026-09-21: visual color resampled from supplier catalogue stone cell.,,#9516B7,,uploaded_catalogue_2026-09-07
S:S011,S011,S,S,teardrop / pear,teardrop,4,2,4,3.2,1.6,3.2,DERIVED_SPECIAL_SHAPE,YELLOW/GOLD,#A3A680,163,166,128,catalog_visual_resampled_2026-09-21,,True,confirmed,3.png,uploaded_catalogue_2026-09-07,True,NEW DATABASE ONLY. Old catalogue database removed. Visible row in new S catalogue; canonical row sequence used for duplicate print labels. COLOR AUDIT 2026-09-21: visual color resampled from supplier catalogue stone cell.,,#A3A680,,uploaded_catalogue_2026-09-07
S:S012,S012,S,S,teardrop / pear,teardrop,4,2,4,3.2,1.6,3.2,DERIVED_SPECIAL_SHAPE,ORANGE,#D37C36,211,124,54,catalog_visual_resampled_2026-09-21,,True,confirmed,3.png,uploaded_catalogue_2026-09-07,True,NEW DATABASE ONLY. Old catalogue database removed. Visible row in new S catalogue; canonical row sequence used for duplicate print labels. COLOR AUDIT 2026-09-21: visual color resampled from supplier catalogue stone cell.,,#D37C36,,uploaded_catalogue_2026-09-07
S:S013,S013,S,S,teardrop / pear,teardrop,4,2,4,3.2,1.6,3.2,DERIVED_SPECIAL_SHAPE,CLEAR/WHITE,#EDEAEB,237,234,235,catalog_visual_resampled_2026-09-21,,True,confirmed,3.png,uploaded_catalogue_2026-09-07,True,NEW DATABASE ONLY. Old catalogue database removed. Visible row in new S catalogue; canonical row sequence used for duplicate print labels. COLOR AUDIT 2026-09-21: visual color resampled from supplier catalogue stone cell.,,#EDEAEB,,uploaded_catalogue_2026-09-07
S:S014,S014,S,S,teardrop / pear,teardrop,6,4,6,5.2,3.466667,5.2,DERIVED_SPECIAL_SHAPE,CLEAR/WHITE,#EEECEC,238,236,236,catalog_visual_resampled_2026-09-21,,True,confirmed,3.png,uploaded_catalogue_2026-09-07,True,NEW DATABASE ONLY. Old catalogue database removed. Visible row in new S catalogue; canonical row sequence used for duplicate print labels. COLOR AUDIT 2026-09-21: visual color resampled from supplier catalogue stone cell.,,#EEECEC,,uploaded_catalogue_2026-09-07
S:S015,S015,S,S,teardrop / pear,teardrop,6,4,6,5.2,3.466667,5.2,DERIVED_SPECIAL_SHAPE,PINK/MAGENTA,#AA818E,170,129,142,catalog_visual_resampled_2026-09-21,,True,confirmed,3.png,uploaded_catalogue_2026-09-07,True,NEW DATABASE ONLY. Old catalogue database removed. Visible row in new S catalogue; canonical row sequence used for duplicate print labels. COLOR AUDIT 2026-09-21: visual color resampled from supplier catalogue stone cell.,,#AA818E,,uploaded_catalogue_2026-09-07
S:S016,S016,S,S,teardrop / pear,teardrop,6,4,6,5.2,3.466667,5.2,DERIVED_SPECIAL_SHAPE,PINK/MAGENTA,#CE599A,206,89,154,catalog_visual_resampled_2026-09-21,,True,confirmed,3.png,uploaded_catalogue_2026-09-07,True,NEW DATABASE ONLY. Old catalogue database removed. Visible row in new S catalogue; canonical row sequence used for duplicate print labels. COLOR AUDIT 2026-09-21: visual color resampled from supplier catalogue stone cell.,,#CE599A,,uploaded_catalogue_2026-09-07
S:S017,S017,S,S,teardrop / pear,teardrop,6,4,6,5.2,3.466667,5.2,DERIVED_SPECIAL_SHAPE,RED,#D32137,211,33,55,catalog_visual_resampled_2026-09-21,,True,confirmed,3.png,uploaded_catalogue_2026-09-07,True,NEW DATABASE ONLY. Old catalogue database removed. Visible row in new S catalogue; canonical row sequence used for duplicate print labels. COLOR AUDIT 2026-09-21: visual color resampled from supplier catalogue stone cell.,,#D32137,,uploaded_catalogue_2026-09-07
S:S018,S018,S,S,teardrop / pear,teardrop,6,4,6,5.2,3.466667,5.2,DERIVED_SPECIAL_SHAPE,YELLOW/GOLD,#ACAB81,172,171,129,catalog_visual_resampled_2026-09-21,,True,confirmed,3.png,uploaded_catalogue_2026-09-07,True,NEW DATABASE ONLY. Old catalogue database removed. Visible row in new S catalogue; canonical row sequence used for duplicate print labels. COLOR AUDIT 2026-09-21: visual color resampled from supplier catalogue stone cell.,,#ACAB81,,uploaded_catalogue_2026-09-07
S:S019,S019,S,S,teardrop / pear,teardrop,6,4,6,5.2,3.466667,5.2,DERIVED_SPECIAL_SHAPE,GREEN,#358266,53,130,102,catalog_visual_resampled_2026-09-21,,True,confirmed,3.png,uploaded_catalogue_2026-09-07,True,NEW DATABASE ONLY. Old catalogue database removed. Visible row in new S catalogue; canonical row sequence used for duplicate print labels. COLOR AUDIT 2026-09-21: visual color resampled from supplier catalogue stone cell.,,#358266,,uploaded_catalogue_2026-09-07
S:S020,S020,S,S,teardrop / pear,teardrop,6,4,6,5.2,3.466667,5.2,DERIVED_SPECIAL_SHAPE,PURPLE,#79199E,121,25,158,catalog_visual_resampled_2026-09-21,,True,confirmed,3.png,uploaded_catalogue_2026-09-07,True,NEW DATABASE ONLY. Old catalogue database removed. Visible row in new S catalogue; canonical row sequence used for duplicate print labels. COLOR AUDIT 2026-09-21: visual color resampled from supplier catalogue stone cell.,,#79199E,,uploaded_catalogue_2026-09-07
S:S021,S021,S,S,teardrop / pear,teardrop,6,4,6,5.2,3.466667,5.2,DERIVED_SPECIAL_SHAPE,YELLOW/GOLD,#BC9217,188,146,23,catalog_visual_resampled_2026-09-21,,True,confirmed,3.png,uploaded_catalogue_2026-09-07,True,NEW DATABASE ONLY. Old catalogue database removed. Visible row in new S catalogue; canonical row sequence used for duplicate print labels. COLOR AUDIT 2026-09-21: visual color resampled from supplier catalogue stone cell.,,#BC9217,,uploaded_catalogue_2026-09-07
S:S023,S023,S,S,teardrop / pear,teardrop,6,4,6,5.2,3.466667,5.2,DERIVED_SPECIAL_SHAPE,BLUE,#12479E,18,71,158,catalog_visual_resampled_2026-09-21,,True,confirmed,3.png,uploaded_catalogue_2026-09-07,True,NEW DATABASE ONLY. Old catalogue database removed. Visible row in new S catalogue; canonical row sequence used for duplicate print labels. COLOR AUDIT 2026-09-21: visual color resampled from supplier catalogue stone cell.,,#12479E,,uploaded_catalogue_2026-09-07
S:S024,S024,S,S,teardrop / pear,teardrop,6,4,6,5.2,3.466667,5.2,DERIVED_SPECIAL_SHAPE,CLEAR/WHITE,#E5E4E8,229,228,232,catalog_visual_resampled_2026-09-21,,True,confirmed,3.png,uploaded_catalogue_2026-09-07,True,NEW DATABASE ONLY. Old catalogue database removed. Visible row in new S catalogue; canonical row sequence used for duplicate print labels. COLOR AUDIT 2026-09-21: visual color resampled from supplier catalogue stone cell.,,#E5E4E8,,uploaded_catalogue_2026-09-07
S:S025,S025,S,S,teardrop / pear,teardrop,6,4,6,5.2,3.466667,5.2,DERIVED_SPECIAL_SHAPE,GREEN,#8AA252,138,162,82,catalog_visual_resampled_2026-09-21,,True,confirmed,3.png,uploaded_catalogue_2026-09-07,True,NEW DATABASE ONLY. Old catalogue database removed. Visible row in new S catalogue; canonical row sequence used for duplicate print labels. COLOR AUDIT 2026-09-21: visual color resampled from supplier catalogue stone cell.,,#8AA252,,uploaded_catalogue_2026-09-07
S:S026,S026,S,S,teardrop / pear,teardrop,6,4,6,5.2,3.466667,5.2,DERIVED_SPECIAL_SHAPE,YELLOW/GOLD,#8C7A60,140,122,96,catalog_visual_resampled_2026-09-21,,True,confirmed,3.png,uploaded_catalogue_2026-09-07,True,NEW DATABASE ONLY. Old catalogue database removed. Visible row in new S catalogue; canonical row sequence used for duplicate print labels. COLOR AUDIT 2026-09-21: visual color resampled from supplier catalogue stone cell.,,#8C7A60,,uploaded_catalogue_2026-09-07
S:S027,S027,S,S,teardrop / pear,teardrop,6,4,6,5.2,3.466667,5.2,DERIVED_SPECIAL_SHAPE,YELLOW/GOLD,#8A8678,138,134,120,catalog_visual_resampled_2026-09-21,,True,confirmed,3.png,uploaded_catalogue_2026-09-07,True,NEW DATABASE ONLY. Old catalogue database removed. Visible row in new S catalogue; canonical row sequence used for duplicate print labels. COLOR AUDIT 2026-09-21: visual color resampled from supplier catalogue stone cell.,,#8A8678,,uploaded_catalogue_2026-09-07
S:S028,S028,S,S,teardrop / pear,teardrop,6,4,6,5.2,3.466667,5.2,DERIVED_SPECIAL_SHAPE,YELLOW/GOLD,#705A37,112,90,55,catalog_visual_resampled_2026-09-21,,True,confirmed,3.png,uploaded_catalogue_2026-09-07,True,NEW DATABASE ONLY. Old catalogue database removed. Visible row in new S catalogue; canonical row sequence used for duplicate print labels. COLOR AUDIT 2026-09-21: visual color resampled from supplier catalogue stone cell.,,#705A37,,uploaded_catalogue_2026-09-07
S:S029,S029,S,S,teardrop / pear,teardrop,6,4,6,5.2,3.466667,5.2,DERIVED_SPECIAL_SHAPE,CYAN/TEAL,#5CB7B7,92,183,183,catalog_visual_resampled_2026-09-21,,True,confirmed,3.png,uploaded_catalogue_2026-09-07,True,NEW DATABASE ONLY. Old catalogue database removed. Visible row in new S catalogue; canonical row sequence used for duplicate print labels. COLOR AUDIT 2026-09-21: visual color resampled from supplier catalogue stone cell.,,#5CB7B7,,uploaded_catalogue_2026-09-07
S:S030,S030,S,S,teardrop / pear,teardrop,6,4,6,5.2,3.466667,5.2,DERIVED_SPECIAL_SHAPE,BLUE,#3E3855,62,56,85,catalog_visual_resampled_2026-09-21,,True,confirmed,3.png,uploaded_catalogue_2026-09-07,True,NEW DATABASE ONLY. Old catalogue database removed. Visible row in new S catalogue; canonical row sequence used for duplicate print labels. COLOR AUDIT 2026-09-21: visual color resampled from supplier catalogue stone cell.,,#3E3855,,uploaded_catalogue_2026-09-07
S:S031,S031,S,S,teardrop / pear,teardrop,6,4,6,5.2,3.466667,5.2,DERIVED_SPECIAL_SHAPE,RED,#BE3345,190,51,69,catalog_visual_resampled_2026-09-21,,True,confirmed,3.png,uploaded_catalogue_2026-09-07,True,NEW DATABASE ONLY. Old catalogue database removed. Visible row in new S catalogue; canonical row sequence used for duplicate print labels. COLOR AUDIT 2026-09-21: visual color resampled from supplier catalogue stone cell.,,#BE3345,,uploaded_catalogue_2026-09-07
S:S032,S032,S,S,teardrop / pear,teardrop,6,4,6,5.2,3.466667,5.2,DERIVED_SPECIAL_SHAPE,CLEAR/WHITE,#EBECEF,235,236,239,catalog_visual_resampled_2026-09-21,,True,confirmed,3.png,uploaded_catalogue_2026-09-07,True,NEW DATABASE ONLY. Old catalogue database removed. Visible row in new S catalogue; canonical row sequence used for duplicate print labels. COLOR AUDIT 2026-09-21: visual color resampled from supplier catalogue stone cell.,,#EBECEF,,uploaded_catalogue_2026-09-07
S:S033,S033,S,S,teardrop / pear,teardrop,8,5,8,7.2,4.5,7.2,DERIVED_SPECIAL_SHAPE,CLEAR/WHITE,#EBECF0,235,236,240,catalog_visual_resampled_2026-09-21,,True,confirmed,3.png,uploaded_catalogue_2026-09-07,True,NEW DATABASE ONLY. Old catalogue database removed. Visible row in new S catalogue; canonical row sequence used for duplicate print labels. COLOR AUDIT 2026-09-21: visual color resampled from supplier catalogue stone cell.,,#EBECF0,,uploaded_catalogue_2026-09-07
S:S034,S034,S,S,teardrop / pear,teardrop,8,5,8,7.2,4.5,7.2,DERIVED_SPECIAL_SHAPE,RED,#A30E0D,163,14,13,catalog_visual_resampled_2026-09-21,,True,confirmed,3.png,uploaded_catalogue_2026-09-07,True,NEW DATABASE ONLY. Old catalogue database removed. Visible row in new S catalogue; canonical row sequence used for duplicate print labels. COLOR AUDIT 2026-09-21: visual color resampled from supplier catalogue stone cell.,,#A30E0D,,uploaded_catalogue_2026-09-07
S:S035,S035,S,S,teardrop / pear,teardrop,8,5,8,7.2,4.5,7.2,DERIVED_SPECIAL_SHAPE,CYAN/TEAL,#1A7788,26,119,136,catalog_visual_resampled_2026-09-21,,True,confirmed,3.png,uploaded_catalogue_2026-09-07,True,NEW DATABASE ONLY. Old catalogue database removed. Visible row in new S catalogue; canonical row sequence used for duplicate print labels. COLOR AUDIT 2026-09-21: visual color resampled from supplier catalogue stone cell.,,#1A7788,,uploaded_catalogue_2026-09-07
S:S036,S036,S,S,teardrop / pear,teardrop,8,5,8,7.2,4.5,7.2,DERIVED_SPECIAL_SHAPE,YELLOW/GOLD,#9F7D23,159,125,35,catalog_visual_resampled_2026-09-21,,True,confirmed,3.png,uploaded_catalogue_2026-09-07,True,NEW DATABASE ONLY. Old catalogue database removed. Visible row in new S catalogue; canonical row sequence used for duplicate print labels. COLOR AUDIT 2026-09-21: visual color resampled from supplier catalogue stone cell.,,#9F7D23,,uploaded_catalogue_2026-09-07
S:S037,S037,S,S,teardrop / pear,teardrop,8,5,8,7.2,4.5,7.2,DERIVED_SPECIAL_SHAPE,CLEAR/WHITE,#EBECF0,235,236,240,catalog_visual_resampled_2026-09-21,,True,confirmed,3.png,uploaded_catalogue_2026-09-07,True,NEW DATABASE ONLY. Old catalogue database removed. Visible row in new S catalogue; canonical row sequence used for duplicate print labels. COLOR AUDIT 2026-09-21: visual color resampled from supplier catalogue stone cell.,,#EBECF0,,uploaded_catalogue_2026-09-07
S:S038,S038,S,S,teardrop / pear,teardrop,8,5,8,7.2,4.5,7.2,DERIVED_SPECIAL_SHAPE,PINK/MAGENTA,#B0829A,176,130,154,catalog_visual_resampled_2026-09-21,,True,confirmed,3.png,uploaded_catalogue_2026-09-07,True,NEW DATABASE ONLY. Old catalogue database removed. Visible row in new S catalogue; canonical row sequence used for duplicate print labels. COLOR AUDIT 2026-09-21: visual color resampled from supplier catalogue stone cell.,,#B0829A,,uploaded_catalogue_2026-09-07
S:S039,S039,S,S,teardrop / pear,teardrop,8,5,8,7.2,4.5,7.2,DERIVED_SPECIAL_SHAPE,GREEN,#386C4C,56,108,76,catalog_visual_resampled_2026-09-21,,True,confirmed,3.png,uploaded_catalogue_2026-09-07,True,NEW DATABASE ONLY. Old catalogue database removed. Visible row in new S catalogue; canonical row sequence used for duplicate print labels. COLOR AUDIT 2026-09-21: visual color resampled from supplier catalogue stone cell.,,#386C4C,,uploaded_catalogue_2026-09-07
S:S040,S040,S,S,teardrop / pear,teardrop,8,5,8,7.2,4.5,7.2,DERIVED_SPECIAL_SHAPE,RED,#AF291A,175,41,26,catalog_visual_resampled_2026-09-21,,True,confirmed,3.png,uploaded_catalogue_2026-09-07,True,NEW DATABASE ONLY. Old catalogue database removed. Visible row in new S catalogue; canonical row sequence used for duplicate print labels. COLOR AUDIT 2026-09-21: visual color resampled from supplier catalogue stone cell.,,#AF291A,,uploaded_catalogue_2026-09-07
S:S041,S041,S,S,teardrop / pear,teardrop,8,5,8,7.2,4.5,7.2,DERIVED_SPECIAL_SHAPE,ORANGE,#B49D93,180,157,147,catalog_visual_resampled_2026-09-21,,True,confirmed,3.png,uploaded_catalogue_2026-09-07,True,NEW DATABASE ONLY. Old catalogue database removed. Visible row in new S catalogue; canonical row sequence used for duplicate print labels. COLOR AUDIT 2026-09-21: visual color resampled from supplier catalogue stone cell.,,#B49D93,,uploaded_catalogue_2026-09-07
S:S042,S042,S,S,teardrop / pear,teardrop,8,5,8,7.2,4.5,7.2,DERIVED_SPECIAL_SHAPE,CYAN/TEAL,#2993AB,41,147,171,catalog_visual_resampled_2026-09-21,,True,confirmed,3.png,uploaded_catalogue_2026-09-07,True,NEW DATABASE ONLY. Old catalogue database removed. Visible row in new S catalogue; canonical row sequence used for duplicate print labels. COLOR AUDIT 2026-09-21: visual color resampled from supplier catalogue stone cell.,,#2993AB,,uploaded_catalogue_2026-09-07
S:S043,S043,S,S,teardrop / pear,teardrop,8,5,8,7.2,4.5,7.2,DERIVED_SPECIAL_SHAPE,GREEN,#5E713F,94,113,63,catalog_visual_resampled_2026-09-21,,True,confirmed,3.png,uploaded_catalogue_2026-09-07,True,NEW DATABASE ONLY. Old catalogue database removed. Visible row in new S catalogue; canonical row sequence used for duplicate print labels. COLOR AUDIT 2026-09-21: visual color resampled from supplier catalogue stone cell.,,#5E713F,,uploaded_catalogue_2026-09-07
S:S044,S044,S,S,teardrop / pear,teardrop,8,5,8,7.2,4.5,7.2,DERIVED_SPECIAL_SHAPE,YELLOW/GOLD,#9B7026,155,112,38,catalog_visual_resampled_2026-09-21,,True,confirmed,3.png,uploaded_catalogue_2026-09-07,True,NEW DATABASE ONLY. Old catalogue database removed. Visible row in new S catalogue; canonical row sequence used for duplicate print labels. COLOR AUDIT 2026-09-21: visual color resampled from supplier catalogue stone cell.,,#9B7026,,uploaded_catalogue_2026-09-07
S:S045,S045,S,S,teardrop / pear,teardrop,8,5,8,7.2,4.5,7.2,DERIVED_SPECIAL_SHAPE,BLUE,#0E287D,14,40,125,catalog_visual_resampled_2026-09-21,,True,confirmed,3.png,uploaded_catalogue_2026-09-07,True,NEW DATABASE ONLY. Old catalogue database removed. Visible row in new S catalogue; canonical row sequence used for duplicate print labels. COLOR AUDIT 2026-09-21: visual color resampled from supplier catalogue stone cell.,,#0E287D,,uploaded_catalogue_2026-09-07
S:S046,S046,S,S,teardrop / pear,teardrop,8,5,8,7.2,4.5,7.2,DERIVED_SPECIAL_SHAPE,PURPLE,#4D1A55,77,26,85,catalog_visual_resampled_2026-09-21,,True,confirmed,3.png,uploaded_catalogue_2026-09-07,True,NEW DATABASE ONLY. Old catalogue database removed. Visible row in new S catalogue; canonical row sequence used for duplicate print labels. COLOR AUDIT 2026-09-21: visual color resampled from supplier catalogue stone cell.,,#4D1A55,,uploaded_catalogue_2026-09-07
S:S047,S047,S,S,teardrop / pear,teardrop,10,6,10,9.2,5.52,9.2,DERIVED_SPECIAL_SHAPE,CLEAR/WHITE,#EAECF0,234,236,240,catalog_visual_resampled_2026-09-21,,True,confirmed,3.png,uploaded_catalogue_2026-09-07,True,NEW DATABASE ONLY. Old catalogue database removed. Visible row in new S catalogue; canonical row sequence used for duplicate print labels. COLOR AUDIT 2026-09-21: visual color resampled from supplier catalogue stone cell.,,#EAECF0,,uploaded_catalogue_2026-09-07
S:S048,S048,S,S,teardrop / pear,teardrop,10,6,10,9.2,5.52,9.2,DERIVED_SPECIAL_SHAPE,GREEN,#268664,38,134,100,catalog_visual_resampled_2026-09-21,,True,confirmed,3.png,uploaded_catalogue_2026-09-07,True,NEW DATABASE ONLY. Old catalogue database removed. Visible row in new S catalogue; canonical row sequence used for duplicate print labels. COLOR AUDIT 2026-09-21: visual color resampled from supplier catalogue stone cell.,,#268664,,uploaded_catalogue_2026-09-07
S:S049,S049,S,S,teardrop / pear,teardrop,10,6,10,9.2,5.52,9.2,DERIVED_SPECIAL_SHAPE,RED,#B11526,177,21,38,catalog_visual_resampled_2026-09-21,,True,confirmed,3.png,uploaded_catalogue_2026-09-07,True,NEW DATABASE ONLY. Old catalogue database removed. Visible row in new S catalogue; canonical row sequence used for duplicate print labels. COLOR AUDIT 2026-09-21: visual color resampled from supplier catalogue stone cell.,,#B11526,,uploaded_catalogue_2026-09-07
S:S050,S050,S,S,teardrop / pear,teardrop,10,6,10,9.2,5.52,9.2,DERIVED_SPECIAL_SHAPE,PINK/MAGENTA,#B65D76,182,93,118,catalog_visual_resampled_2026-09-21,,True,confirmed,3.png,uploaded_catalogue_2026-09-07,True,NEW DATABASE ONLY. Old catalogue database removed. Visible row in new S catalogue; canonical row sequence used for duplicate print labels. COLOR AUDIT 2026-09-21: visual color resampled from supplier catalogue stone cell.,,#B65D76,,uploaded_catalogue_2026-09-07
S:S051,S051,S,S,teardrop / pear,teardrop,10,6,10,9.2,5.52,9.2,DERIVED_SPECIAL_SHAPE,GREEN,#0B633F,11,99,63,catalog_visual_resampled_2026-09-21,,True,confirmed,3.png,uploaded_catalogue_2026-09-07,True,NEW DATABASE ONLY. Old catalogue database removed. Visible row in new S catalogue; canonical row sequence used for duplicate print labels. COLOR AUDIT 2026-09-21: visual color resampled from supplier catalogue stone cell.,,#0B633F,,uploaded_catalogue_2026-09-07
S:S052,S052,S,S,teardrop / pear,teardrop,10,6,10,9.2,5.52,9.2,DERIVED_SPECIAL_SHAPE,BLUE,#192462,25,36,98,catalog_visual_resampled_2026-09-21,,True,confirmed,3.png,uploaded_catalogue_2026-09-07,True,NEW DATABASE ONLY. Old catalogue database removed. Visible row in new S catalogue; canonical row sequence used for duplicate print labels. COLOR AUDIT 2026-09-21: visual color resampled from supplier catalogue stone cell.,,#192462,,uploaded_catalogue_2026-09-07
S:S053,S053,S,S,teardrop / pear,teardrop,10,6,10,9.2,5.52,9.2,DERIVED_SPECIAL_SHAPE,ORANGE,#9D3F11,157,63,17,catalog_visual_resampled_2026-09-21,,True,confirmed,3.png,uploaded_catalogue_2026-09-07,True,NEW DATABASE ONLY. Old catalogue database removed. Visible row in new S catalogue; canonical row sequence used for duplicate print labels. COLOR AUDIT 2026-09-21: visual color resampled from supplier catalogue stone cell.,,#9D3F11,,uploaded_catalogue_2026-09-07
S:S054,S054,S,S,teardrop / pear,teardrop,10,6,10,9.2,5.52,9.2,DERIVED_SPECIAL_SHAPE,RED,#700E0F,112,14,15,catalog_visual_resampled_2026-09-21,,True,confirmed,3.png,uploaded_catalogue_2026-09-07,True,NEW DATABASE ONLY. Old catalogue database removed. Visible row in new S catalogue; canonical row sequence used for duplicate print labels. COLOR AUDIT 2026-09-21: visual color resampled from supplier catalogue stone cell.,,#700E0F,,uploaded_catalogue_2026-09-07
S:S055,S055,S,S,teardrop / pear,teardrop,10,6,10,9.2,5.52,9.2,DERIVED_SPECIAL_SHAPE,YELLOW/GOLD,#6F6647,111,102,71,catalog_visual_resampled_2026-09-21,,True,confirmed,3.png,uploaded_catalogue_2026-09-07,True,NEW DATABASE ONLY. Old catalogue database removed. Visible row in new S catalogue; canonical row sequence used for duplicate print labels. COLOR AUDIT 2026-09-21: visual color resampled from supplier catalogue stone cell.,,#6F6647,,uploaded_catalogue_2026-09-07
S:S056,S056,S,S,teardrop / pear,teardrop,10,6,10,9.2,5.52,9.2,DERIVED_SPECIAL_SHAPE,RED,#7B1413,123,20,19,catalog_visual_resampled_2026-09-21,,True,confirmed,3.png,uploaded_catalogue_2026-09-07,True,NEW DATABASE ONLY. Old catalogue database removed. Visible row in new S catalogue; canonical row sequence used for duplicate print labels. COLOR AUDIT 2026-09-21: visual color resampled from supplier catalogue stone cell.,,#7B1413,,uploaded_catalogue_2026-09-07
S:S057,S057,S,S,teardrop / pear,teardrop,10,6,10,9.2,5.52,9.2,DERIVED_SPECIAL_SHAPE,CLEAR/WHITE,#EBECF1,235,236,241,catalog_visual_resampled_2026-09-21,,True,confirmed,3.png,uploaded_catalogue_2026-09-07,True,NEW DATABASE ONLY. Old catalogue database removed. Visible row in new S catalogue; canonical row sequence used for duplicate print labels. COLOR AUDIT 2026-09-21: visual color resampled from supplier catalogue stone cell.,,#EBECF1,,uploaded_catalogue_2026-09-07
S:S058,S058,S,S,teardrop / pear,teardrop,10,6,10,9.2,5.52,9.2,DERIVED_SPECIAL_SHAPE,ORANGE,#E47D0B,228,125,11,catalog_visual_resampled_2026-09-21,,True,confirmed,3.png,uploaded_catalogue_2026-09-07,True,NEW DATABASE ONLY. Old catalogue database removed. Visible row in new S catalogue; canonical row sequence used for duplicate print labels. COLOR AUDIT 2026-09-21: visual color resampled from supplier catalogue stone cell.,,#E47D0B,,uploaded_catalogue_2026-09-07
S:S059,S059,S,S,teardrop / pear,teardrop,10,6,10,9.2,5.52,9.2,DERIVED_SPECIAL_SHAPE,CYAN/TEAL,#4FB1B3,79,177,179,catalog_visual_resampled_2026-09-21,,True,confirmed,3.png,uploaded_catalogue_2026-09-07,True,NEW DATABASE ONLY. Old catalogue database removed. Visible row in new S catalogue; canonical row sequence used for duplicate print labels. COLOR AUDIT 2026-09-21: visual color resampled from supplier catalogue stone cell.,,#4FB1B3,,uploaded_catalogue_2026-09-07
S:S060,S060,S,S,teardrop / pear,teardrop,10,6,10,9.2,5.52,9.2,DERIVED_SPECIAL_SHAPE,RED,#8A4A51,138,74,81,catalog_visual_resampled_2026-09-21,,True,confirmed,3.png,uploaded_catalogue_2026-09-07,True,NEW DATABASE ONLY. Old catalogue database removed. Visible row in new S catalogue; canonical row sequence used for duplicate print labels. COLOR AUDIT 2026-09-21: visual color resampled from supplier catalogue stone cell.,,#8A4A51,,uploaded_catalogue_2026-09-07
S:S061,S061,S,S,teardrop / pear,teardrop,10,6,10,9.2,5.52,9.2,DERIVED_SPECIAL_SHAPE,YELLOW/GOLD,#76663F,118,102,63,catalog_visual_resampled_2026-09-21,,True,confirmed,3.png,uploaded_catalogue_2026-09-07,True,NEW DATABASE ONLY. Old catalogue database removed. Visible row in new S catalogue; canonical row sequence used for duplicate print labels. COLOR AUDIT 2026-09-21: visual color resampled from supplier catalogue stone cell.,,#76663F,,uploaded_catalogue_2026-09-07
S:S062,S062,S,S,teardrop / pear,teardrop,10,7,10,9.2,6.44,9.2,DERIVED_SPECIAL_SHAPE,CYAN/TEAL,#117790,17,119,144,catalog_visual_resampled_2026-09-21,,True,confirmed,3.png,uploaded_catalogue_2026-09-07,True,NEW DATABASE ONLY. Old catalogue database removed. Visible row in new S catalogue; canonical row sequence used for duplicate print labels. COLOR AUDIT 2026-09-21: visual color resampled from supplier catalogue stone cell.,,#117790,,uploaded_catalogue_2026-09-07
S:S063,S063,S,S,teardrop / pear,teardrop,10,7,10,9.2,6.44,9.2,DERIVED_SPECIAL_SHAPE,RED,#8C1010,140,16,16,catalog_visual_resampled_2026-09-21,,True,confirmed,3.png,uploaded_catalogue_2026-09-07,True,NEW DATABASE ONLY. Old catalogue database removed. Visible row in new S catalogue; canonical row sequence used for duplicate print labels. COLOR AUDIT 2026-09-21: visual color resampled from supplier catalogue stone cell.,,#8C1010,,uploaded_catalogue_2026-09-07
S:S064,S064,S,S,teardrop / pear,teardrop,10,7,10,9.2,6.44,9.2,DERIVED_SPECIAL_SHAPE,PURPLE,#62346D,98,52,109,catalog_visual_resampled_2026-09-21,,True,confirmed,3.png,uploaded_catalogue_2026-09-07,True,NEW DATABASE ONLY. Old catalogue database removed. Visible row in new S catalogue; canonical row sequence used for duplicate print labels. COLOR AUDIT 2026-09-21: visual color resampled from supplier catalogue stone cell.,,#62346D,,uploaded_catalogue_2026-09-07
S:S065,S065,S,S,teardrop / pear,teardrop,12,7,12,11.2,6.533333,11.2,DERIVED_SPECIAL_SHAPE,RED,#87181C,135,24,28,catalog_visual_resampled_2026-09-21,,True,confirmed,3.png,uploaded_catalogue_2026-09-07,True,NEW DATABASE ONLY. Old catalogue database removed. Visible row in new S catalogue; canonical row sequence used for duplicate print labels. COLOR AUDIT 2026-09-21: visual color resampled from supplier catalogue stone cell.,,#87181C,,uploaded_catalogue_2026-09-07
S:S066,S066,S,S,teardrop / pear,teardrop,12,7,12,11.2,6.533333,11.2,DERIVED_SPECIAL_SHAPE,CYAN/TEAL,#0E5251,14,82,81,catalog_visual_resampled_2026-09-21,,True,confirmed,3.png,uploaded_catalogue_2026-09-07,True,NEW DATABASE ONLY. Old catalogue database removed. Visible row in new S catalogue; canonical row sequence used for duplicate print labels. COLOR AUDIT 2026-09-21: visual color resampled from supplier catalogue stone cell.,,#0E5251,,uploaded_catalogue_2026-09-07
S:S067,S067,S,S,teardrop / pear,teardrop,12,7,12,11.2,6.533333,11.2,DERIVED_SPECIAL_SHAPE,CLEAR/WHITE,#EAECF1,234,236,241,catalog_visual_resampled_2026-09-21,,True,confirmed,3.png,uploaded_catalogue_2026-09-07,True,NEW DATABASE ONLY. Old catalogue database removed. Visible row in new S catalogue; canonical row sequence used for duplicate print labels. COLOR AUDIT 2026-09-21: visual color resampled from supplier catalogue stone cell.,,#EAECF1,,uploaded_catalogue_2026-09-07
S:S068,S068,S,S,teardrop / pear,teardrop,12,7,12,11.2,6.533333,11.2,DERIVED_SPECIAL_SHAPE,BLUE,#28257A,40,37,122,catalog_visual_resampled_2026-09-21,,True,confirmed,3.png,uploaded_catalogue_2026-09-07,True,NEW DATABASE ONLY. Old catalogue database removed. Visible row in new S catalogue; canonical row sequence used for duplicate print labels. COLOR AUDIT 2026-09-21: visual color resampled from supplier catalogue stone cell.,,#28257A,,uploaded_catalogue_2026-09-07
S:S069,S069,S,S,teardrop / pear,teardrop,13,6,13,12.2,5.630769,12.2,DERIVED_SPECIAL_SHAPE,CYAN/TEAL,#5F867B,95,134,123,catalog_visual_resampled_2026-09-21,,True,confirmed,3.png,uploaded_catalogue_2026-09-07,True,NEW DATABASE ONLY. Old catalogue database removed. Visible row in new S catalogue; canonical row sequence used for duplicate print labels. COLOR AUDIT 2026-09-21: visual color resampled from supplier catalogue stone cell.,,#5F867B,,uploaded_catalogue_2026-09-07
S:S070,S070,S,S,teardrop / pear,teardrop,13,6,13,12.2,5.630769,12.2,DERIVED_SPECIAL_SHAPE,BLUE,#34246D,52,36,109,catalog_visual_resampled_2026-09-21,,True,confirmed,3.png,uploaded_catalogue_2026-09-07,True,NEW DATABASE ONLY. Old catalogue database removed. Visible row in new S catalogue; canonical row sequence used for duplicate print labels. COLOR AUDIT 2026-09-21: visual color resampled from supplier catalogue stone cell.,,#34246D,,uploaded_catalogue_2026-09-07
S:S071,S071,S,S,teardrop / pear,teardrop,13,6,13,12.2,5.630769,12.2,DERIVED_SPECIAL_SHAPE,CLEAR/WHITE,#EAECF1,234,236,241,catalog_visual_resampled_2026-09-21,,True,confirmed,3.png,uploaded_catalogue_2026-09-07,True,NEW DATABASE ONLY. Old catalogue database removed. Visible row in new S catalogue; canonical row sequence used for duplicate print labels. COLOR AUDIT 2026-09-21: visual color resampled from supplier catalogue stone cell.,,#EAECF1,,uploaded_catalogue_2026-09-07
S:S072,S072,S,S,teardrop / pear,teardrop,13,6,13,12.2,5.630769,12.2,DERIVED_SPECIAL_SHAPE,BLUE,#05146C,5,20,108,catalog_visual_resampled_2026-09-21,,True,confirmed,3.png,uploaded_catalogue_2026-09-07,True,NEW DATABASE ONLY. Old catalogue database removed. Visible row in new S catalogue; canonical row sequence used for duplicate print labels. COLOR AUDIT 2026-09-21: visual color resampled from supplier catalogue stone cell.,,#05146C,,uploaded_catalogue_2026-09-07
S:S073,S073,S,S,teardrop / pear,teardrop,13,6,13,12.2,5.630769,12.2,DERIVED_SPECIAL_SHAPE,CYAN/TEAL,#2D7B7E,45,123,126,catalog_visual_resampled_2026-09-21,,True,confirmed,3.png,uploaded_catalogue_2026-09-07,True,NEW DATABASE ONLY. Old catalogue database removed. Visible row in new S catalogue; canonical row sequence used for duplicate print labels. COLOR AUDIT 2026-09-21: visual color resampled from supplier catalogue stone cell.,,#2D7B7E,,uploaded_catalogue_2026-09-07
S:S074,S074,S,S,teardrop / pear,teardrop,13,6,13,12.2,5.630769,12.2,DERIVED_SPECIAL_SHAPE,PINK/MAGENTA,#870C3F,135,12,63,catalog_visual_resampled_2026-09-21,,True,confirmed,3.png,uploaded_catalogue_2026-09-07,True,NEW DATABASE ONLY. Old catalogue database removed. Visible row in new S catalogue; canonical row sequence used for duplicate print labels. COLOR AUDIT 2026-09-21: visual color resampled from supplier catalogue stone cell.,,#870C3F,,uploaded_catalogue_2026-09-07
S:S075,S075,S,S,teardrop / pear,teardrop,13,8,13,12.2,7.507692,12.2,DERIVED_SPECIAL_SHAPE,GREEN,#5EA582,94,165,130,catalog_visual_resampled_2026-09-21,,True,confirmed,3.png,uploaded_catalogue_2026-09-07,True,NEW DATABASE ONLY. Old catalogue database removed. Visible row in new S catalogue; canonical row sequence used for duplicate print labels. COLOR AUDIT 2026-09-21: visual color resampled from supplier catalogue stone cell.,,#5EA582,,uploaded_catalogue_2026-09-07
S:S076,S076,S,S,teardrop / pear,teardrop,13,8,13,12.2,7.507692,12.2,DERIVED_SPECIAL_SHAPE,CYAN/TEAL,#156467,21,100,103,catalog_visual_resampled_2026-09-21,,True,confirmed,3.png,uploaded_catalogue_2026-09-07,True,NEW DATABASE ONLY. Old catalogue database removed. Visible row in new S catalogue; canonical row sequence used for duplicate print labels. COLOR AUDIT 2026-09-21: visual color resampled from supplier catalogue stone cell.,,#156467,,uploaded_catalogue_2026-09-07
S:S077,S077,S,S,teardrop / pear,teardrop,13,8,13,12.2,7.507692,12.2,DERIVED_SPECIAL_SHAPE,RED,#760507,118,5,7,catalog_visual_resampled_2026-09-21,,True,confirmed,3.png,uploaded_catalogue_2026-09-07,True,NEW DATABASE ONLY. Old catalogue database removed. Visible row in new S catalogue; canonical row sequence used for duplicate print labels. COLOR AUDIT 2026-09-21: visual color resampled from supplier catalogue stone cell.,,#760507,,uploaded_catalogue_2026-09-07
S:S078,S078,S,S,teardrop / pear,teardrop,13,8,13,12.2,7.507692,12.2,DERIVED_SPECIAL_SHAPE,BLUE,#051456,5,20,86,catalog_visual_resampled_2026-09-21,,True,confirmed,3.png,uploaded_catalogue_2026-09-07,True,NEW DATABASE ONLY. Old catalogue database removed. Visible row in new S catalogue; canonical row sequence used for duplicate print labels. COLOR AUDIT 2026-09-21: visual color resampled from supplier catalogue stone cell.,,#051456,,uploaded_catalogue_2026-09-07
S:S079,S079,S,S,teardrop / pear,teardrop,13,8,13,12.2,7.507692,12.2,DERIVED_SPECIAL_SHAPE,ORANGE,#6D3D0A,109,61,10,catalog_visual_resampled_2026-09-21,,True,confirmed,3.png,uploaded_catalogue_2026-09-07,True,NEW DATABASE ONLY. Old catalogue database removed. Visible row in new S catalogue; canonical row sequence used for duplicate print labels. COLOR AUDIT 2026-09-21: visual color resampled from supplier catalogue stone cell.,,#6D3D0A,,uploaded_catalogue_2026-09-07
S:S080,S080,S,S,teardrop / pear,teardrop,13,8,13,12.2,7.507692,12.2,DERIVED_SPECIAL_SHAPE,PINK/MAGENTA,#680F2E,104,15,46,catalog_visual_resampled_2026-09-21,,True,confirmed,3.png,uploaded_catalogue_2026-09-07,True,NEW DATABASE ONLY. Old catalogue database removed. Visible row in new S catalogue; canonical row sequence used for duplicate print labels. COLOR AUDIT 2026-09-21: visual color resampled from supplier catalogue stone cell.,,#680F2E,,uploaded_catalogue_2026-09-07
S:S081,S081,S,S,teardrop / pear,teardrop,13,8,13,12.2,7.507692,12.2,DERIVED_SPECIAL_SHAPE,BLUE,#2D5464,45,84,100,catalog_visual_resampled_2026-09-21,,True,confirmed,3.png,uploaded_catalogue_2026-09-07,True,NEW DATABASE ONLY. Old catalogue database removed. Visible row in new S catalogue; canonical row sequence used for duplicate print labels. COLOR AUDIT 2026-09-21: visual color resampled from supplier catalogue stone cell.,,#2D5464,,uploaded_catalogue_2026-09-07
S:S082,S082,S,S,teardrop / pear,teardrop,13,8,13,12.2,7.507692,12.2,DERIVED_SPECIAL_SHAPE,CLEAR/WHITE,#E7E9EE,231,233,238,catalog_visual_resampled_2026-09-21,,True,confirmed,3.png,uploaded_catalogue_2026-09-07,True,NEW DATABASE ONLY. Old catalogue database removed. Visible row in new S catalogue; canonical row sequence used for duplicate print labels. COLOR AUDIT 2026-09-21: visual color resampled from supplier catalogue stone cell.,,#E7E9EE,,uploaded_catalogue_2026-09-07
S:S083,S083,S,S,teardrop / pear,teardrop,13,8,13,12.2,7.507692,12.2,DERIVED_SPECIAL_SHAPE,ORANGE,#634426,99,68,38,catalog_visual_resampled_2026-09-21,,True,confirmed,3.png,uploaded_catalogue_2026-09-07,True,NEW DATABASE ONLY. Old catalogue database removed. Visible row in new S catalogue; canonical row sequence used for duplicate print labels. COLOR AUDIT 2026-09-21: visual color resampled from supplier catalogue stone cell.,,#634426,,uploaded_catalogue_2026-09-07
S:S084,S084,S,S,teardrop / pear,teardrop,13,8,13,12.2,7.507692,12.2,DERIVED_SPECIAL_SHAPE,GREEN,#40614E,64,97,78,catalog_visual_resampled_2026-09-21,,True,confirmed,3.png,uploaded_catalogue_2026-09-07,True,NEW DATABASE ONLY. Old catalogue database removed. Visible row in new S catalogue; canonical row sequence used for duplicate print labels. COLOR AUDIT 2026-09-21: visual color resampled from supplier catalogue stone cell.,,#40614E,,uploaded_catalogue_2026-09-07
S:S104,S104,S,S,teardrop / pear,teardrop,14,10,14,13.2,9.428571,13.2,DERIVED_SPECIAL_SHAPE,YELLOW/GOLD,#C7AB64,199,171,100,catalog_visual_resampled_2026-09-21,,True,confirmed,3.png,uploaded_catalogue_2026-09-07,True,NEW DATABASE ONLY. Old catalogue database removed. Visible row in new S catalogue; canonical row sequence used for duplicate print labels. COLOR AUDIT 2026-09-21: visual color resampled from supplier catalogue stone cell.,champagne,#C7AB64,,uploaded_catalogue_2026-09-07
S:S105,S105,S,S,teardrop / pear,teardrop,14,10,14,13.2,9.428571,13.2,DERIVED_SPECIAL_SHAPE,PINK/MAGENTA,#B38396,179,131,150,catalog_visual_resampled_2026-09-21,,True,confirmed,3.png,uploaded_catalogue_2026-09-07,True,NEW DATABASE ONLY. Old catalogue database removed. Visible row in new S catalogue; canonical row sequence used for duplicate print labels. COLOR AUDIT 2026-09-21: visual color resampled from supplier catalogue stone cell.,lavender,#B38396,,uploaded_catalogue_2026-09-07
S:S106,S106,S,S,teardrop / pear,teardrop,14,10,14,13.2,9.428571,13.2,DERIVED_SPECIAL_SHAPE,CYAN/TEAL,#1BA8C2,27,168,194,catalog_visual_resampled_2026-09-21,,True,confirmed,3.png,uploaded_catalogue_2026-09-07,True,NEW DATABASE ONLY. Old catalogue database removed. Visible row in new S catalogue; canonical row sequence used for duplicate print labels. COLOR AUDIT 2026-09-21: visual color resampled from supplier catalogue stone cell.,cyan,#1BA8C2,,uploaded_catalogue_2026-09-07
S:S107,S107,S,S,teardrop / pear,teardrop,14,10,14,13.2,9.428571,13.2,DERIVED_SPECIAL_SHAPE,CLEAR/WHITE,#DDDEE5,221,222,229,catalog_visual_resampled_2026-09-21,,True,confirmed,3.png,uploaded_catalogue_2026-09-07,True,NEW DATABASE ONLY. Old catalogue database removed. Visible row in new S catalogue; canonical row sequence used for duplicate print labels. COLOR AUDIT 2026-09-21: visual color resampled from supplier catalogue stone cell.,gray,#DDDEE5,,uploaded_catalogue_2026-09-07
S:S108,S108,S,S,teardrop / pear,teardrop,14,10,14,13.2,9.428571,13.2,DERIVED_SPECIAL_SHAPE,GREEN,#177B3F,23,123,63,catalog_visual_resampled_2026-09-21,,True,confirmed,3.png,uploaded_catalogue_2026-09-07,True,NEW DATABASE ONLY. Old catalogue database removed. Visible row in new S catalogue; canonical row sequence used for duplicate print labels. COLOR AUDIT 2026-09-21: visual color resampled from supplier catalogue stone cell.,green,#177B3F,,uploaded_catalogue_2026-09-07
S:S109,S109,S,S,teardrop / pear,teardrop,14,10,14,13.2,9.428571,13.2,DERIVED_SPECIAL_SHAPE,RED,#9E1823,158,24,35,catalog_visual_resampled_2026-09-21,,True,confirmed,3.png,uploaded_catalogue_2026-09-07,True,NEW DATABASE ONLY. Old catalogue database removed. Visible row in new S catalogue; canonical row sequence used for duplicate print labels. COLOR AUDIT 2026-09-21: visual color resampled from supplier catalogue stone cell.,red,#9E1823,,uploaded_catalogue_2026-09-07
S:S110,S110,S,S,teardrop / pear,teardrop,14,10,14,13.2,9.428571,13.2,DERIVED_SPECIAL_SHAPE,YELLOW/GOLD,#B3860C,179,134,12,catalog_visual_resampled_2026-09-21,,True,confirmed,3.png,uploaded_catalogue_2026-09-07,True,NEW DATABASE ONLY. Old catalogue database removed. Visible row in new S catalogue; canonical row sequence used for duplicate print labels. COLOR AUDIT 2026-09-21: visual color resampled from supplier catalogue stone cell.,orange,#B3860C,,uploaded_catalogue_2026-09-07
S:S111,S111,S,S,teardrop / pear,teardrop,14,10,14,13.2,9.428571,13.2,DERIVED_SPECIAL_SHAPE,CLEAR/WHITE,#DADDE4,218,221,228,catalog_visual_resampled_2026-09-21,,True,confirmed,3.png,uploaded_catalogue_2026-09-07,True,NEW DATABASE ONLY. Old catalogue database removed. Visible row in new S catalogue; canonical row sequence used for duplicate print labels. COLOR AUDIT 2026-09-21: visual color resampled from supplier catalogue stone cell.,silver,#DADDE4,,uploaded_catalogue_2026-09-07
S:S112,S112,S,S,teardrop / pear,teardrop,14,10,14,13.2,9.428571,13.2,DERIVED_SPECIAL_SHAPE,BLUE,#1E206B,30,32,107,catalog_visual_resampled_2026-09-21,,True,confirmed,3.png,uploaded_catalogue_2026-09-07,True,NEW DATABASE ONLY. Old catalogue database removed. Visible row in new S catalogue; canonical row sequence used for duplicate print labels. COLOR AUDIT 2026-09-21: visual color resampled from supplier catalogue stone cell.,navy,#1E206B,,uploaded_catalogue_2026-09-07
S:S113,S113,S,S,teardrop / pear,teardrop,14,10,14,13.2,9.428571,13.2,DERIVED_SPECIAL_SHAPE,YELLOW/GOLD,#978367,151,131,103,catalog_visual_resampled_2026-09-21,,True,confirmed,3.png,uploaded_catalogue_2026-09-07,True,NEW DATABASE ONLY. Old catalogue database removed. Visible row in new S catalogue; canonical row sequence used for duplicate print labels. COLOR AUDIT 2026-09-21: visual color resampled from supplier catalogue stone cell.,champagne,#978367,,uploaded_catalogue_2026-09-07
S:S114,S114,S,S,teardrop / pear,teardrop,14,10,14,13.2,9.428571,13.2,DERIVED_SPECIAL_SHAPE,PURPLE,#440F5C,68,15,92,catalog_visual_resampled_2026-09-21,,True,confirmed,3.png,uploaded_catalogue_2026-09-07,True,NEW DATABASE ONLY. Old catalogue database removed. Visible row in new S catalogue; canonical row sequence used for duplicate print labels. COLOR AUDIT 2026-09-21: visual color resampled from supplier catalogue stone cell.,navy,#440F5C,,uploaded_catalogue_2026-09-07
S:S156,S156,S,S,teardrop / pear,teardrop,5,3,5,4.2,2.52,4.2,DERIVED_SPECIAL_SHAPE,PINK/MAGENTA,#7A1C3D,122,28,61,catalog_visual_resampled_2026-09-21,,True,confirmed,3.png,uploaded_catalogue_2026-09-07,True,NEW DATABASE ONLY. Old catalogue database removed. Visible row in new S catalogue; canonical row sequence used for duplicate print labels. COLOR AUDIT 2026-09-21: visual color resampled from supplier catalogue stone cell.,deep red,#7A1C3D,,uploaded_catalogue_2026-09-07
S:S157,S157,S,S,teardrop / pear,teardrop,5,3,5,4.2,2.52,4.2,DERIVED_SPECIAL_SHAPE,BLUE,#282B55,40,43,85,catalog_visual_resampled_2026-09-21,,True,confirmed,3.png,uploaded_catalogue_2026-09-07,True,NEW DATABASE ONLY. Old catalogue database removed. Visible row in new S catalogue; canonical row sequence used for duplicate print labels. COLOR AUDIT 2026-09-21: visual color resampled from supplier catalogue stone cell.,navy,#282B55,,uploaded_catalogue_2026-09-07
S:S158,S158,S,S,teardrop / pear,teardrop,5,3,5,4.2,2.52,4.2,DERIVED_SPECIAL_SHAPE,SILVER/GREY,#C1C3CA,193,195,202,catalog_visual_resampled_2026-09-21,,True,confirmed,3.png,uploaded_catalogue_2026-09-07,True,NEW DATABASE ONLY. Old catalogue database removed. Visible row in new S catalogue; canonical row sequence used for duplicate print labels. COLOR AUDIT 2026-09-21: visual color resampled from supplier catalogue stone cell.,navy,#C1C3CA,,uploaded_catalogue_2026-09-07
S:S159,S159,S,S,teardrop / pear,teardrop,5,3,5,4.2,2.52,4.2,DERIVED_SPECIAL_SHAPE,ORANGE,#6B421C,107,66,28,catalog_visual_resampled_2026-09-21,,True,confirmed,3.png,uploaded_catalogue_2026-09-07,True,NEW DATABASE ONLY. Old catalogue database removed. Visible row in new S catalogue; canonical row sequence used for duplicate print labels. COLOR AUDIT 2026-09-21: visual color resampled from supplier catalogue stone cell.,brown,#6B421C,,uploaded_catalogue_2026-09-07
S:S160,S160,S,S,teardrop / pear,teardrop,5,3,5,4.2,2.52,4.2,DERIVED_SPECIAL_SHAPE,RED,#521522,82,21,34,catalog_visual_resampled_2026-09-21,,True,confirmed,3.png,uploaded_catalogue_2026-09-07,True,NEW DATABASE ONLY. Old catalogue database removed. Visible row in new S catalogue; canonical row sequence used for duplicate print labels. COLOR AUDIT 2026-09-21: visual color resampled from supplier catalogue stone cell.,black,#521522,,uploaded_catalogue_2026-09-07
S:S161,S161,S,S,teardrop / pear,teardrop,5,3,5,4.2,2.52,4.2,DERIVED_SPECIAL_SHAPE,PURPLE,#452750,69,39,80,catalog_visual_resampled_2026-09-21,,True,confirmed,3.png,uploaded_catalogue_2026-09-07,True,NEW DATABASE ONLY. Old catalogue database removed. Visible row in new S catalogue; canonical row sequence used for duplicate print labels. COLOR AUDIT 2026-09-21: visual color resampled from supplier catalogue stone cell.,purple,#452750,,uploaded_catalogue_2026-09-07
M:M001,M001,M,M,teardrop / pear,teardrop,4,2,4,3.2,1.6,3.2,DERIVED_SPECIAL_SHAPE,CLEAR/WHITE,#E1E1E2,225,225,226,catalog_visual_resampled_2026-09-21,,True,confirmed,4..png,uploaded_catalogue_2026-09-07_corrected_2026-09-21,True,NEW DATABASE ONLY. Old catalogue database removed. Visible row in new M catalogue; M001-M084 only. COLOR AUDIT 2026-09-21: visual color resampled from supplier catalogue stone cell.,,#E1E1E2,,uploaded_catalogue_2026-09-07
M:M002,M002,M,M,teardrop / pear,teardrop,4,2,4,3.2,1.6,3.2,DERIVED_SPECIAL_SHAPE,CLEAR/WHITE,#E0E1E1,224,225,225,catalog_visual_resampled_2026-09-21,,True,confirmed,4..png,uploaded_catalogue_2026-09-07_corrected_2026-09-21,True,NEW DATABASE ONLY. Old catalogue database removed. Visible row in new M catalogue; M001-M084 only. COLOR AUDIT 2026-09-21: visual color resampled from supplier catalogue stone cell.,,#E0E1E1,,uploaded_catalogue_2026-09-07
M:M003,M003,M,M,teardrop / pear,teardrop,4,2,4,3.2,1.6,3.2,DERIVED_SPECIAL_SHAPE,PINK/MAGENTA,#B969A0,185,105,160,catalog_visual_resampled_2026-09-21,,True,confirmed,4..png,uploaded_catalogue_2026-09-07_corrected_2026-09-21,True,NEW DATABASE ONLY. Old catalogue database removed. Visible row in new M catalogue; M001-M084 only. COLOR AUDIT 2026-09-21: visual color resampled from supplier catalogue stone cell.,,#B969A0,,uploaded_catalogue_2026-09-07
M:M004,M004,M,M,teardrop / pear,teardrop,4,2,4,3.2,1.6,3.2,DERIVED_SPECIAL_SHAPE,ORANGE,#DFA768,223,167,104,catalog_visual_resampled_2026-09-21,,True,confirmed,4..png,uploaded_catalogue_2026-09-07_corrected_2026-09-21,True,NEW DATABASE ONLY. Old catalogue database removed. Visible row in new M catalogue; M001-M084 only. COLOR AUDIT 2026-09-21: visual color resampled from supplier catalogue stone cell.,,#DFA768,,uploaded_catalogue_2026-09-07
M:M005,M005,M,M,teardrop / pear,teardrop,4,2,4,3.2,1.6,3.2,DERIVED_SPECIAL_SHAPE,PURPLE,#9356B2,147,86,178,catalog_visual_resampled_2026-09-21,,True,confirmed,4..png,uploaded_catalogue_2026-09-07_corrected_2026-09-21,True,NEW DATABASE ONLY. Old catalogue database removed. Visible row in new M catalogue; M001-M084 only. COLOR AUDIT 2026-09-21: visual color resampled from supplier catalogue stone cell.,,#9356B2,,uploaded_catalogue_2026-09-07
M:M006,M006,M,M,teardrop / pear,teardrop,4,2,4,3.2,1.6,3.2,DERIVED_SPECIAL_SHAPE,GREEN,#4BC37A,75,195,122,catalog_visual_resampled_2026-09-21,,True,confirmed,4..png,uploaded_catalogue_2026-09-07_corrected_2026-09-21,True,NEW DATABASE ONLY. Old catalogue database removed. Visible row in new M catalogue; M001-M084 only. COLOR AUDIT 2026-09-21: visual color resampled from supplier catalogue stone cell.,,#4BC37A,,uploaded_catalogue_2026-09-07
M:M007,M007,M,M,teardrop / pear,teardrop,4,2,4,3.2,1.6,3.2,DERIVED_SPECIAL_SHAPE,RED,#D02F35,208,47,53,catalog_visual_resampled_2026-09-21,,True,confirmed,4..png,uploaded_catalogue_2026-09-07_corrected_2026-09-21,True,NEW DATABASE ONLY. Old catalogue database removed. Visible row in new M catalogue; M001-M084 only. COLOR AUDIT 2026-09-21: visual color resampled from supplier catalogue stone cell.,,#D02F35,,uploaded_catalogue_2026-09-07
M:M008,M008,M,M,teardrop / pear,teardrop,4,2,4,3.2,1.6,3.2,DERIVED_SPECIAL_SHAPE,YELLOW/GOLD,#EBCB39,235,203,57,catalog_visual_resampled_2026-09-21,,True,confirmed,4..png,uploaded_catalogue_2026-09-07_corrected_2026-09-21,True,NEW DATABASE ONLY. Old catalogue database removed. Visible row in new M catalogue; M001-M084 only. COLOR AUDIT 2026-09-21: visual color resampled from supplier catalogue stone cell.,,#EBCB39,,uploaded_catalogue_2026-09-07
M:M009,M009,M,M,teardrop / pear,teardrop,4,2,4,3.2,1.6,3.2,DERIVED_SPECIAL_SHAPE,CYAN/TEAL,#69B4B3,105,180,179,catalog_visual_resampled_2026-09-21,,True,confirmed,4..png,uploaded_catalogue_2026-09-07_corrected_2026-09-21,True,NEW DATABASE ONLY. Old catalogue database removed. Visible row in new M catalogue; M001-M084 only. COLOR AUDIT 2026-09-21: visual color resampled from supplier catalogue stone cell.,,#69B4B3,,uploaded_catalogue_2026-09-07
M:M010,M010,M,M,teardrop / pear,teardrop,4,2,4,3.2,1.6,3.2,DERIVED_SPECIAL_SHAPE,CLEAR/WHITE,#DDDBDE,221,219,222,catalog_visual_resampled_2026-09-21,,True,confirmed,4..png,uploaded_catalogue_2026-09-07_corrected_2026-09-21,True,NEW DATABASE ONLY. Old catalogue database removed. Visible row in new M catalogue; M001-M084 only. COLOR AUDIT 2026-09-21: visual color resampled from supplier catalogue stone cell.,,#DDDBDE,,uploaded_catalogue_2026-09-07
M:M011,M011,M,M,marquise / navette,marquise,6,3,6,5.2,2.6,5.2,DERIVED_SPECIAL_SHAPE,YELLOW/GOLD,#E6D093,230,208,147,catalog_visual_resampled_2026-09-21,,True,confirmed,4..png,uploaded_catalogue_2026-09-07_corrected_2026-09-21,True,NEW DATABASE ONLY. Old catalogue database removed. Visible row in new M catalogue; M001-M084 only. COLOR AUDIT 2026-09-21: visual color resampled from supplier catalogue stone cell.,,#E6D093,,uploaded_catalogue_2026-09-07
M:M012,M012,M,M,marquise / navette,marquise,6,3,6,5.2,2.6,5.2,DERIVED_SPECIAL_SHAPE,PINK/MAGENTA,#B67A94,182,122,148,catalog_visual_resampled_2026-09-21,,True,confirmed,4..png,uploaded_catalogue_2026-09-07_corrected_2026-09-21,True,NEW DATABASE ONLY. Old catalogue database removed. Visible row in new M catalogue; M001-M084 only. COLOR AUDIT 2026-09-21: visual color resampled from supplier catalogue stone cell.,,#B67A94,,uploaded_catalogue_2026-09-07
M:M013,M013,M,M,marquise / navette,marquise,6,3,6,5.2,2.6,5.2,DERIVED_SPECIAL_SHAPE,CLEAR/WHITE,#DAD8DA,218,216,218,catalog_visual_resampled_2026-09-21,,True,confirmed,4..png,uploaded_catalogue_2026-09-07_corrected_2026-09-21,True,NEW DATABASE ONLY. Old catalogue database removed. Visible row in new M catalogue; M001-M084 only. COLOR AUDIT 2026-09-21: visual color resampled from supplier catalogue stone cell.,,#DAD8DA,,uploaded_catalogue_2026-09-07
M:M014,M014,M,M,marquise / navette,marquise,6,3,6,5.2,2.6,5.2,DERIVED_SPECIAL_SHAPE,ORANGE,#816746,129,103,70,catalog_visual_resampled_2026-09-21,,True,confirmed,4..png,uploaded_catalogue_2026-09-07_corrected_2026-09-21,True,NEW DATABASE ONLY. Old catalogue database removed. Visible row in new M catalogue; M001-M084 only. COLOR AUDIT 2026-09-21: visual color resampled from supplier catalogue stone cell.,,#816746,,uploaded_catalogue_2026-09-07
M:M015,M015,M,M,marquise / navette,marquise,6,3,6,5.2,2.6,5.2,DERIVED_SPECIAL_SHAPE,BLUE,#112F83,17,47,131,catalog_visual_resampled_2026-09-21,,True,confirmed,4..png,uploaded_catalogue_2026-09-07_corrected_2026-09-21,True,NEW DATABASE ONLY. Old catalogue database removed. Visible row in new M catalogue; M001-M084 only. COLOR AUDIT 2026-09-21: visual color resampled from supplier catalogue stone cell.,,#112F83,,uploaded_catalogue_2026-09-07
M:M016,M016,M,M,marquise / navette,marquise,6,3,6,5.2,2.6,5.2,DERIVED_SPECIAL_SHAPE,CYAN/TEAL,#266060,38,96,96,catalog_visual_resampled_2026-09-21,,True,confirmed,4..png,uploaded_catalogue_2026-09-07_corrected_2026-09-21,True,NEW DATABASE ONLY. Old catalogue database removed. Visible row in new M catalogue; M001-M084 only. COLOR AUDIT 2026-09-21: visual color resampled from supplier catalogue stone cell.,,#266060,,uploaded_catalogue_2026-09-07
M:M017,M017,M,M,marquise / navette,marquise,6,3,6,5.2,2.6,5.2,DERIVED_SPECIAL_SHAPE,PURPLE,#4E2858,78,40,88,catalog_visual_resampled_2026-09-21,,True,confirmed,4..png,uploaded_catalogue_2026-09-07_corrected_2026-09-21,True,NEW DATABASE ONLY. Old catalogue database removed. Visible row in new M catalogue; M001-M084 only. COLOR AUDIT 2026-09-21: visual color resampled from supplier catalogue stone cell.,,#4E2858,,uploaded_catalogue_2026-09-07
M:M018,M018,M,M,marquise / navette,marquise,6,3,6,5.2,2.6,5.2,DERIVED_SPECIAL_SHAPE,PINK/MAGENTA,#5D4658,93,70,88,catalog_visual_resampled_2026-09-21,,True,confirmed,4..png,uploaded_catalogue_2026-09-07_corrected_2026-09-21,True,NEW DATABASE ONLY. Old catalogue database removed. Visible row in new M catalogue; M001-M084 only. COLOR AUDIT 2026-09-21: visual color resampled from supplier catalogue stone cell.,,#5D4658,,uploaded_catalogue_2026-09-07
M:M019,M019,M,M,marquise / navette,marquise,6,3,6,5.2,2.6,5.2,DERIVED_SPECIAL_SHAPE,CYAN/TEAL,#336971,51,105,113,catalog_visual_resampled_2026-09-21,,True,confirmed,4..png,uploaded_catalogue_2026-09-07_corrected_2026-09-21,True,NEW DATABASE ONLY. Old catalogue database removed. Visible row in new M catalogue; M001-M084 only. COLOR AUDIT 2026-09-21: visual color resampled from supplier catalogue stone cell.,,#336971,,uploaded_catalogue_2026-09-07
M:M020,M020,M,M,marquise / navette,marquise,6,3,6,5.2,2.6,5.2,DERIVED_SPECIAL_SHAPE,RED,#784752,120,71,82,catalog_visual_resampled_2026-09-21,,True,confirmed,4..png,uploaded_catalogue_2026-09-07_corrected_2026-09-21,True,NEW DATABASE ONLY. Old catalogue database removed. Visible row in new M catalogue; M001-M084 only. COLOR AUDIT 2026-09-21: visual color resampled from supplier catalogue stone cell.,,#784752,,uploaded_catalogue_2026-09-07
M:M021,M021,M,M,marquise / navette,marquise,6,3,6,5.2,2.6,5.2,DERIVED_SPECIAL_SHAPE,GREEN,#508E41,80,142,65,catalog_visual_resampled_2026-09-21,,True,confirmed,4..png,uploaded_catalogue_2026-09-07_corrected_2026-09-21,True,NEW DATABASE ONLY. Old catalogue database removed. Visible row in new M catalogue; M001-M084 only. COLOR AUDIT 2026-09-21: visual color resampled from supplier catalogue stone cell.,,#508E41,,uploaded_catalogue_2026-09-07
M:M022,M022,M,M,marquise / navette,marquise,6,3,6,5.2,2.6,5.2,DERIVED_SPECIAL_SHAPE,PINK/MAGENTA,#581C35,88,28,53,catalog_visual_resampled_2026-09-21,,True,confirmed,4..png,uploaded_catalogue_2026-09-07_corrected_2026-09-21,True,NEW DATABASE ONLY. Old catalogue database removed. Visible row in new M catalogue; M001-M084 only. COLOR AUDIT 2026-09-21: visual color resampled from supplier catalogue stone cell.,,#581C35,,uploaded_catalogue_2026-09-07
M:M023,M023,M,M,marquise / navette,marquise,6,3,6,5.2,2.6,5.2,DERIVED_SPECIAL_SHAPE,RED,#5B0F12,91,15,18,catalog_visual_resampled_2026-09-21,,True,confirmed,4..png,uploaded_catalogue_2026-09-07_corrected_2026-09-21,True,NEW DATABASE ONLY. Old catalogue database removed. Visible row in new M catalogue; M001-M084 only. COLOR AUDIT 2026-09-21: visual color resampled from supplier catalogue stone cell.,,#5B0F12,,uploaded_catalogue_2026-09-07
M:M024,M024,M,M,marquise / navette,marquise,6,3,6,5.2,2.6,5.2,DERIVED_SPECIAL_SHAPE,ORANGE,#5F391B,95,57,27,catalog_visual_resampled_2026-09-21,,True,confirmed,4..png,uploaded_catalogue_2026-09-07_corrected_2026-09-21,True,NEW DATABASE ONLY. Old catalogue database removed. Visible row in new M catalogue; M001-M084 only. COLOR AUDIT 2026-09-21: visual color resampled from supplier catalogue stone cell.,,#5F391B,,uploaded_catalogue_2026-09-07
M:M025,M025,M,M,marquise / navette,marquise,6,3,6,5.2,2.6,5.2,DERIVED_SPECIAL_SHAPE,CLEAR/WHITE,#D2D2D3,210,210,211,catalog_visual_resampled_2026-09-21,,True,confirmed,4..png,uploaded_catalogue_2026-09-07_corrected_2026-09-21,True,NEW DATABASE ONLY. Old catalogue database removed. Visible row in new M catalogue; M001-M084 only. COLOR AUDIT 2026-09-21: visual color resampled from supplier catalogue stone cell.,,#D2D2D3,,uploaded_catalogue_2026-09-07
M:M026,M026,M,M,marquise / navette,marquise,8,4,8,7.2,3.6,7.2,DERIVED_SPECIAL_SHAPE,ORANGE,#7C3921,124,57,33,catalog_visual_resampled_2026-09-21,,True,confirmed,4..png,uploaded_catalogue_2026-09-07_corrected_2026-09-21,True,NEW DATABASE ONLY. Old catalogue database removed. Visible row in new M catalogue; M001-M084 only. COLOR AUDIT 2026-09-21: visual color resampled from supplier catalogue stone cell.,,#7C3921,,uploaded_catalogue_2026-09-07
M:M027,M027,M,M,marquise / navette,marquise,8,4,8,7.2,3.6,7.2,DERIVED_SPECIAL_SHAPE,RED,#723740,114,55,64,catalog_visual_resampled_2026-09-21,,True,confirmed,4..png,uploaded_catalogue_2026-09-07_corrected_2026-09-21,True,NEW DATABASE ONLY. Old catalogue database removed. Visible row in new M catalogue; M001-M084 only. COLOR AUDIT 2026-09-21: visual color resampled from supplier catalogue stone cell.,,#723740,,uploaded_catalogue_2026-09-07
M:M028,M028,M,M,marquise / navette,marquise,8,4,8,7.2,3.6,7.2,DERIVED_SPECIAL_SHAPE,BLUE,#131A52,19,26,82,catalog_visual_resampled_2026-09-21,,True,confirmed,4..png,uploaded_catalogue_2026-09-07_corrected_2026-09-21,True,NEW DATABASE ONLY. Old catalogue database removed. Visible row in new M catalogue; M001-M084 only. COLOR AUDIT 2026-09-21: visual color resampled from supplier catalogue stone cell.,,#131A52,,uploaded_catalogue_2026-09-07
M:M029,M029,M,M,marquise / navette,marquise,8,4,8,7.2,3.6,7.2,DERIVED_SPECIAL_SHAPE,CLEAR/WHITE,#DCDFE0,220,223,224,catalog_visual_resampled_2026-09-21,,True,confirmed,4..png,uploaded_catalogue_2026-09-07_corrected_2026-09-21,True,NEW DATABASE ONLY. Old catalogue database removed. Visible row in new M catalogue; M001-M084 only. COLOR AUDIT 2026-09-21: visual color resampled from supplier catalogue stone cell.,,#DCDFE0,,uploaded_catalogue_2026-09-07
M:M030,M030,M,M,marquise / navette,marquise,8,4,8,7.2,3.6,7.2,DERIVED_SPECIAL_SHAPE,GREEN,#356C40,53,108,64,catalog_visual_resampled_2026-09-21,,True,confirmed,4..png,uploaded_catalogue_2026-09-07_corrected_2026-09-21,True,NEW DATABASE ONLY. Old catalogue database removed. Visible row in new M catalogue; M001-M084 only. COLOR AUDIT 2026-09-21: visual color resampled from supplier catalogue stone cell.,,#356C40,,uploaded_catalogue_2026-09-07
M:M031,M031,M,M,marquise / navette,marquise,8,4,8,7.2,3.6,7.2,DERIVED_SPECIAL_SHAPE,BLUE,#29437C,41,67,124,catalog_visual_resampled_2026-09-21,,True,confirmed,4..png,uploaded_catalogue_2026-09-07_corrected_2026-09-21,True,NEW DATABASE ONLY. Old catalogue database removed. Visible row in new M catalogue; M001-M084 only. COLOR AUDIT 2026-09-21: visual color resampled from supplier catalogue stone cell.,,#29437C,,uploaded_catalogue_2026-09-07
M:M032,M032,M,M,marquise / navette,marquise,8,4,8,7.2,3.6,7.2,DERIVED_SPECIAL_SHAPE,RED,#A21B1F,162,27,31,catalog_visual_resampled_2026-09-21,,True,confirmed,4..png,uploaded_catalogue_2026-09-07_corrected_2026-09-21,True,NEW DATABASE ONLY. Old catalogue database removed. Visible row in new M catalogue; M001-M084 only. COLOR AUDIT 2026-09-21: visual color resampled from supplier catalogue stone cell.,,#A21B1F,,uploaded_catalogue_2026-09-07
M:M033,M033,M,M,marquise / navette,marquise,8,4,8,7.2,3.6,7.2,DERIVED_SPECIAL_SHAPE,YELLOW/GOLD,#E1A534,225,165,52,catalog_visual_resampled_2026-09-21,,True,confirmed,4..png,uploaded_catalogue_2026-09-07_corrected_2026-09-21,True,NEW DATABASE ONLY. Old catalogue database removed. Visible row in new M catalogue; M001-M084 only. COLOR AUDIT 2026-09-21: visual color resampled from supplier catalogue stone cell.,,#E1A534,,uploaded_catalogue_2026-09-07
M:M034,M034,M,M,marquise / navette,marquise,8,4,8,7.2,3.6,7.2,DERIVED_SPECIAL_SHAPE,GREEN,#DCEBA5,220,235,165,catalog_visual_resampled_2026-09-21,,True,confirmed,4..png,uploaded_catalogue_2026-09-07_corrected_2026-09-21,True,NEW DATABASE ONLY. Old catalogue database removed. Visible row in new M catalogue; M001-M084 only. COLOR AUDIT 2026-09-21: visual color resampled from supplier catalogue stone cell.,,#DCEBA5,,uploaded_catalogue_2026-09-07
M:M035,M035,M,M,marquise / navette,marquise,8,4,8,7.2,3.6,7.2,DERIVED_SPECIAL_SHAPE,PINK/MAGENTA,#C76593,199,101,147,catalog_visual_resampled_2026-09-21,,True,confirmed,4..png,uploaded_catalogue_2026-09-07_corrected_2026-09-21,True,NEW DATABASE ONLY. Old catalogue database removed. Visible row in new M catalogue; M001-M084 only. COLOR AUDIT 2026-09-21: visual color resampled from supplier catalogue stone cell.,,#C76593,,uploaded_catalogue_2026-09-07
M:M036,M036,M,M,marquise / navette,marquise,8,4,8,7.2,3.6,7.2,DERIVED_SPECIAL_SHAPE,CYAN/TEAL,#33C9C2,51,201,194,catalog_visual_resampled_2026-09-21,,True,confirmed,4..png,uploaded_catalogue_2026-09-07_corrected_2026-09-21,True,NEW DATABASE ONLY. Old catalogue database removed. Visible row in new M catalogue; M001-M084 only. COLOR AUDIT 2026-09-21: visual color resampled from supplier catalogue stone cell.,,#33C9C2,,uploaded_catalogue_2026-09-07
M:M037,M037,M,M,marquise / navette,marquise,8,4,8,7.2,3.6,7.2,DERIVED_SPECIAL_SHAPE,PINK/MAGENTA,#D1ADBF,209,173,191,catalog_visual_resampled_2026-09-21,,True,confirmed,4..png,uploaded_catalogue_2026-09-07_corrected_2026-09-21,True,NEW DATABASE ONLY. Old catalogue database removed. Visible row in new M catalogue; M001-M084 only. COLOR AUDIT 2026-09-21: visual color resampled from supplier catalogue stone cell.,,#D1ADBF,,uploaded_catalogue_2026-09-07
M:M038,M038,M,M,marquise / navette,marquise,8,4,8,7.2,3.6,7.2,DERIVED_SPECIAL_SHAPE,ORANGE,#C5633B,197,99,59,catalog_visual_resampled_2026-09-21,,True,confirmed,4..png,uploaded_catalogue_2026-09-07_corrected_2026-09-21,True,NEW DATABASE ONLY. Old catalogue database removed. Visible row in new M catalogue; M001-M084 only. COLOR AUDIT 2026-09-21: visual color resampled from supplier catalogue stone cell.,,#C5633B,,uploaded_catalogue_2026-09-07
M:M039,M039,M,M,marquise / navette,marquise,8,4,8,7.2,3.6,7.2,DERIVED_SPECIAL_SHAPE,PINK/MAGENTA,#734E5D,115,78,93,catalog_visual_resampled_2026-09-21,,True,confirmed,4..png,uploaded_catalogue_2026-09-07_corrected_2026-09-21,True,NEW DATABASE ONLY. Old catalogue database removed. Visible row in new M catalogue; M001-M084 only. COLOR AUDIT 2026-09-21: visual color resampled from supplier catalogue stone cell.,,#734E5D,,uploaded_catalogue_2026-09-07
M:M040,M040,M,M,marquise / navette,marquise,10,5,10,9.2,4.6,9.2,DERIVED_SPECIAL_SHAPE,YELLOW/GOLD,#DADCAE,218,220,174,catalog_visual_resampled_2026-09-21,,True,confirmed,4..png,uploaded_catalogue_2026-09-07_corrected_2026-09-21,True,NEW DATABASE ONLY. Old catalogue database removed. Visible row in new M catalogue; M001-M084 only. COLOR AUDIT 2026-09-21: visual color resampled from supplier catalogue stone cell.,,#DADCAE,,uploaded_catalogue_2026-09-07
M:M041,M041,M,M,marquise / navette,marquise,10,5,10,9.2,4.6,9.2,DERIVED_SPECIAL_SHAPE,RED,#A5131C,165,19,28,catalog_visual_resampled_2026-09-21,,True,confirmed,4..png,uploaded_catalogue_2026-09-07_corrected_2026-09-21,True,NEW DATABASE ONLY. Old catalogue database removed. Visible row in new M catalogue; M001-M084 only. COLOR AUDIT 2026-09-21: visual color resampled from supplier catalogue stone cell.,,#A5131C,,uploaded_catalogue_2026-09-07
M:M042,M042,M,M,marquise / navette,marquise,10,5,10,9.2,4.6,9.2,DERIVED_SPECIAL_SHAPE,PINK/MAGENTA,#D29CB7,210,156,183,catalog_visual_resampled_2026-09-21,,True,confirmed,4..png,uploaded_catalogue_2026-09-07_corrected_2026-09-21,True,NEW DATABASE ONLY. Old catalogue database removed. Visible row in new M catalogue; M001-M084 only. COLOR AUDIT 2026-09-21: visual color resampled from supplier catalogue stone cell.,,#D29CB7,,uploaded_catalogue_2026-09-07
M:M043,M043,M,M,marquise / navette,marquise,10,5,10,9.2,4.6,9.2,DERIVED_SPECIAL_SHAPE,GREEN,#9DD3A7,157,211,167,catalog_visual_resampled_2026-09-21,,True,confirmed,4..png,uploaded_catalogue_2026-09-07_corrected_2026-09-21,True,NEW DATABASE ONLY. Old catalogue database removed. Visible row in new M catalogue; M001-M084 only. COLOR AUDIT 2026-09-21: visual color resampled from supplier catalogue stone cell.,,#9DD3A7,,uploaded_catalogue_2026-09-07
M:M044,M044,M,M,marquise / navette,marquise,10,5,10,9.2,4.6,9.2,DERIVED_SPECIAL_SHAPE,PURPLE,#43206B,67,32,107,catalog_visual_resampled_2026-09-21,,True,confirmed,4..png,uploaded_catalogue_2026-09-07_corrected_2026-09-21,True,NEW DATABASE ONLY. Old catalogue database removed. Visible row in new M catalogue; M001-M084 only. COLOR AUDIT 2026-09-21: visual color resampled from supplier catalogue stone cell.,,#43206B,,uploaded_catalogue_2026-09-07
M:M045,M045,M,M,marquise / navette,marquise,10,5,10,9.2,4.6,9.2,DERIVED_SPECIAL_SHAPE,RED,#C51515,197,21,21,catalog_visual_resampled_2026-09-21,,True,confirmed,4..png,uploaded_catalogue_2026-09-07_corrected_2026-09-21,True,NEW DATABASE ONLY. Old catalogue database removed. Visible row in new M catalogue; M001-M084 only. COLOR AUDIT 2026-09-21: visual color resampled from supplier catalogue stone cell.,,#C51515,,uploaded_catalogue_2026-09-07
M:M046,M046,M,M,marquise / navette,marquise,10,5,10,9.2,4.6,9.2,DERIVED_SPECIAL_SHAPE,ORANGE,#774C1F,119,76,31,catalog_visual_resampled_2026-09-21,,True,confirmed,4..png,uploaded_catalogue_2026-09-07_corrected_2026-09-21,True,NEW DATABASE ONLY. Old catalogue database removed. Visible row in new M catalogue; M001-M084 only. COLOR AUDIT 2026-09-21: visual color resampled from supplier catalogue stone cell.,,#774C1F,,uploaded_catalogue_2026-09-07
M:M047,M047,M,M,marquise / navette,marquise,10,5,10,9.2,4.6,9.2,DERIVED_SPECIAL_SHAPE,BLUE,#1A36A9,26,54,169,catalog_visual_resampled_2026-09-21,,True,confirmed,4..png,uploaded_catalogue_2026-09-07_corrected_2026-09-21,True,NEW DATABASE ONLY. Old catalogue database removed. Visible row in new M catalogue; M001-M084 only. COLOR AUDIT 2026-09-21: visual color resampled from supplier catalogue stone cell.,,#1A36A9,,uploaded_catalogue_2026-09-07
M:M048,M048,M,M,marquise / navette,marquise,10,5,10,9.2,4.6,9.2,DERIVED_SPECIAL_SHAPE,PURPLE,#461B5D,70,27,93,catalog_visual_resampled_2026-09-21,,True,confirmed,4..png,uploaded_catalogue_2026-09-07_corrected_2026-09-21,True,NEW DATABASE ONLY. Old catalogue database removed. Visible row in new M catalogue; M001-M084 only. COLOR AUDIT 2026-09-21: visual color resampled from supplier catalogue stone cell.,,#461B5D,,uploaded_catalogue_2026-09-07
M:M049,M049,M,M,marquise / navette,marquise,10,5,10,9.2,4.6,9.2,DERIVED_SPECIAL_SHAPE,PINK/MAGENTA,#8B2445,139,36,69,catalog_visual_resampled_2026-09-21,,True,confirmed,4..png,uploaded_catalogue_2026-09-07_corrected_2026-09-21,True,NEW DATABASE ONLY. Old catalogue database removed. Visible row in new M catalogue; M001-M084 only. COLOR AUDIT 2026-09-21: visual color resampled from supplier catalogue stone cell.,,#8B2445,,uploaded_catalogue_2026-09-07
M:M050,M050,M,M,marquise / navette,marquise,10,5,10,9.2,4.6,9.2,DERIVED_SPECIAL_SHAPE,CYAN/TEAL,#1D5B5E,29,91,94,catalog_visual_resampled_2026-09-21,,True,confirmed,4..png,uploaded_catalogue_2026-09-07_corrected_2026-09-21,True,NEW DATABASE ONLY. Old catalogue database removed. Visible row in new M catalogue; M001-M084 only. COLOR AUDIT 2026-09-21: visual color resampled from supplier catalogue stone cell.,,#1D5B5E,,uploaded_catalogue_2026-09-07
M:M051,M051,M,M,marquise / navette,marquise,10,5,10,9.2,4.6,9.2,DERIVED_SPECIAL_SHAPE,GREEN,#275F2F,39,95,47,catalog_visual_resampled_2026-09-21,,True,confirmed,4..png,uploaded_catalogue_2026-09-07_corrected_2026-09-21,True,NEW DATABASE ONLY. Old catalogue database removed. Visible row in new M catalogue; M001-M084 only. COLOR AUDIT 2026-09-21: visual color resampled from supplier catalogue stone cell.,,#275F2F,,uploaded_catalogue_2026-09-07
M:M052,M052,M,M,marquise / navette,marquise,10,5,10,9.2,4.6,9.2,DERIVED_SPECIAL_SHAPE,YELLOW/GOLD,#605648,96,86,72,catalog_visual_resampled_2026-09-21,,True,confirmed,4..png,uploaded_catalogue_2026-09-07_corrected_2026-09-21,True,NEW DATABASE ONLY. Old catalogue database removed. Visible row in new M catalogue; M001-M084 only. COLOR AUDIT 2026-09-21: visual color resampled from supplier catalogue stone cell.,,#605648,,uploaded_catalogue_2026-09-07
M:M053,M053,M,M,marquise / navette,marquise,10,5,10,9.2,4.6,9.2,DERIVED_SPECIAL_SHAPE,RED,#C99B99,201,155,153,catalog_visual_resampled_2026-09-21,,True,confirmed,4..png,uploaded_catalogue_2026-09-07_corrected_2026-09-21,True,NEW DATABASE ONLY. Old catalogue database removed. Visible row in new M catalogue; M001-M084 only. COLOR AUDIT 2026-09-21: visual color resampled from supplier catalogue stone cell.,,#C99B99,,uploaded_catalogue_2026-09-07
M:M054,M054,M,M,marquise / navette,marquise,10,5,10,9.2,4.6,9.2,DERIVED_SPECIAL_SHAPE,YELLOW/GOLD,#C09D1D,192,157,29,catalog_visual_resampled_2026-09-21,,True,confirmed,4..png,uploaded_catalogue_2026-09-07_corrected_2026-09-21,True,NEW DATABASE ONLY. Old catalogue database removed. Visible row in new M catalogue; M001-M084 only. COLOR AUDIT 2026-09-21: visual color resampled from supplier catalogue stone cell.,,#C09D1D,,uploaded_catalogue_2026-09-07
M:M055,M055,M,M,marquise / navette,marquise,10,5,10,9.2,4.6,9.2,DERIVED_SPECIAL_SHAPE,RED,#6D171A,109,23,26,catalog_visual_resampled_2026-09-21,,True,confirmed,4..png,uploaded_catalogue_2026-09-07_corrected_2026-09-21,True,NEW DATABASE ONLY. Old catalogue database removed. Visible row in new M catalogue; M001-M084 only. COLOR AUDIT 2026-09-21: visual color resampled from supplier catalogue stone cell.,,#6D171A,,uploaded_catalogue_2026-09-07
M:M056,M056,M,M,marquise / navette,marquise,10,5,10,9.2,4.6,9.2,DERIVED_SPECIAL_SHAPE,BLUE,#244A62,36,74,98,catalog_visual_resampled_2026-09-21,,True,confirmed,4..png,uploaded_catalogue_2026-09-07_corrected_2026-09-21,True,NEW DATABASE ONLY. Old catalogue database removed. Visible row in new M catalogue; M001-M084 only. COLOR AUDIT 2026-09-21: visual color resampled from supplier catalogue stone cell.,,#244A62,,uploaded_catalogue_2026-09-07
M:M057,M057,M,M,marquise / navette,marquise,12,6,12,11.2,5.6,11.2,DERIVED_SPECIAL_SHAPE,CLEAR/WHITE,#DDDFE0,221,223,224,catalog_visual_resampled_2026-09-21,,True,confirmed,4..png,uploaded_catalogue_2026-09-07_corrected_2026-09-21,True,NEW DATABASE ONLY. Old catalogue database removed. Visible row in new M catalogue; M001-M084 only. COLOR AUDIT 2026-09-21: visual color resampled from supplier catalogue stone cell.,,#DDDFE0,,uploaded_catalogue_2026-09-07
M:M058,M058,M,M,marquise / navette,marquise,15,6,15,14.2,5.68,14.2,DERIVED_SPECIAL_SHAPE,PINK/MAGENTA,#CC5CA5,204,92,165,catalog_visual_resampled_2026-09-21,,True,confirmed,4..png,uploaded_catalogue_2026-09-07_corrected_2026-09-21,True,NEW DATABASE ONLY. Old catalogue database removed. Visible row in new M catalogue; M001-M084 only. COLOR AUDIT 2026-09-21: visual color resampled from supplier catalogue stone cell.,,#CC5CA5,,uploaded_catalogue_2026-09-07
M:M059,M059,M,M,marquise / navette,marquise,15,4,15,14.2,3.786667,14.2,DERIVED_SPECIAL_SHAPE,BLUE,#217EAB,33,126,171,catalog_visual_resampled_2026-09-21,,True,confirmed,4..png,uploaded_catalogue_2026-09-07_corrected_2026-09-21,True,NEW DATABASE ONLY. Old catalogue database removed. Visible row in new M catalogue; M001-M084 only. COLOR AUDIT 2026-09-21: visual color resampled from supplier catalogue stone cell.,,#217EAB,,uploaded_catalogue_2026-09-07
M:M060,M060,M,M,marquise / navette,marquise,15,4,15,14.2,3.786667,14.2,DERIVED_SPECIAL_SHAPE,YELLOW/GOLD,#EDB31B,237,179,27,catalog_visual_resampled_2026-09-21,,True,confirmed,4..png,uploaded_catalogue_2026-09-07_corrected_2026-09-21,True,NEW DATABASE ONLY. Old catalogue database removed. Visible row in new M catalogue; M001-M084 only. COLOR AUDIT 2026-09-21: visual color resampled from supplier catalogue stone cell.,,#EDB31B,,uploaded_catalogue_2026-09-07
M:M061,M061,M,M,marquise / navette,marquise,15,6,15,14.2,5.68,14.2,DERIVED_SPECIAL_SHAPE,RED,#DC0D16,220,13,22,catalog_visual_resampled_2026-09-21,,True,confirmed,4..png,uploaded_catalogue_2026-09-07_corrected_2026-09-21,True,NEW DATABASE ONLY. Old catalogue database removed. Visible row in new M catalogue; M001-M084 only. COLOR AUDIT 2026-09-21: visual color resampled from supplier catalogue stone cell.,,#DC0D16,,uploaded_catalogue_2026-09-07
M:M062,M062,M,M,marquise / navette,marquise,15,4,15,14.2,3.786667,14.2,DERIVED_SPECIAL_SHAPE,ORANGE,#E36616,227,102,22,catalog_visual_resampled_2026-09-21,,True,confirmed,4..png,uploaded_catalogue_2026-09-07_corrected_2026-09-21,True,NEW DATABASE ONLY. Old catalogue database removed. Visible row in new M catalogue; M001-M084 only. COLOR AUDIT 2026-09-21: visual color resampled from supplier catalogue stone cell.,,#E36616,,uploaded_catalogue_2026-09-07
M:M063,M063,M,M,marquise / navette,marquise,12,6,12,11.2,5.6,11.2,DERIVED_SPECIAL_SHAPE,CLEAR/WHITE,#DCDCDE,220,220,222,catalog_visual_resampled_2026-09-21,,True,confirmed,4..png,uploaded_catalogue_2026-09-07_corrected_2026-09-21,True,NEW DATABASE ONLY. Old catalogue database removed. Visible row in new M catalogue; M001-M084 only. COLOR AUDIT 2026-09-21: visual color resampled from supplier catalogue stone cell.,,#DCDCDE,,uploaded_catalogue_2026-09-07
M:M064,M064,M,M,marquise / navette,marquise,15,4,15,14.2,3.786667,14.2,DERIVED_SPECIAL_SHAPE,CLEAR/WHITE,#DBDBDD,219,219,221,catalog_visual_resampled_2026-09-21,,True,confirmed,4..png,uploaded_catalogue_2026-09-07_corrected_2026-09-21,True,NEW DATABASE ONLY. Old catalogue database removed. Visible row in new M catalogue; M001-M084 only. COLOR AUDIT 2026-09-21: visual color resampled from supplier catalogue stone cell.,,#DBDBDD,,uploaded_catalogue_2026-09-07
M:M065,M065,M,M,marquise / navette,marquise,12,6,12,11.2,5.6,11.2,DERIVED_SPECIAL_SHAPE,BLUE,#0C1A86,12,26,134,catalog_visual_resampled_2026-09-21,,True,confirmed,4..png,uploaded_catalogue_2026-09-07_corrected_2026-09-21,True,NEW DATABASE ONLY. Old catalogue database removed. Visible row in new M catalogue; M001-M084 only. COLOR AUDIT 2026-09-21: visual color resampled from supplier catalogue stone cell.,,#0C1A86,,uploaded_catalogue_2026-09-07
M:M066,M066,M,M,marquise / navette,marquise,12,6,12,11.2,5.6,11.2,DERIVED_SPECIAL_SHAPE,YELLOW/GOLD,#DFC5A0,223,197,160,catalog_visual_resampled_2026-09-21,,True,confirmed,4..png,uploaded_catalogue_2026-09-07_corrected_2026-09-21,True,NEW DATABASE ONLY. Old catalogue database removed. Visible row in new M catalogue; M001-M084 only. COLOR AUDIT 2026-09-21: visual color resampled from supplier catalogue stone cell.,,#DFC5A0,,uploaded_catalogue_2026-09-07
M:M067,M067,M,M,marquise / navette,marquise,12,6,12,11.2,5.6,11.2,DERIVED_SPECIAL_SHAPE,CYAN/TEAL,#1AD4DB,26,212,219,catalog_visual_resampled_2026-09-21,,True,confirmed,4..png,uploaded_catalogue_2026-09-07_corrected_2026-09-21,True,NEW DATABASE ONLY. Old catalogue database removed. Visible row in new M catalogue; M001-M084 only. COLOR AUDIT 2026-09-21: visual color resampled from supplier catalogue stone cell.,,#1AD4DB,,uploaded_catalogue_2026-09-07
M:M068,M068,M,M,marquise / navette,marquise,12,6,12,11.2,5.6,11.2,DERIVED_SPECIAL_SHAPE,PINK/MAGENTA,#B95492,185,84,146,catalog_visual_resampled_2026-09-21,,True,confirmed,4..png,uploaded_catalogue_2026-09-07_corrected_2026-09-21,True,NEW DATABASE ONLY. Old catalogue database removed. Visible row in new M catalogue; M001-M084 only. COLOR AUDIT 2026-09-21: visual color resampled from supplier catalogue stone cell.,,#B95492,,uploaded_catalogue_2026-09-07
M:M069,M069,M,M,marquise / navette,marquise,15,7,15,14.2,6.626667,14.2,DERIVED_SPECIAL_SHAPE,YELLOW/GOLD,#DDD5B0,221,213,176,catalog_visual_resampled_2026-09-21,,True,confirmed,4..png,uploaded_catalogue_2026-09-07_corrected_2026-09-21,True,NEW DATABASE ONLY. Old catalogue database removed. Visible row in new M catalogue; M001-M084 only. COLOR AUDIT 2026-09-21: visual color resampled from supplier catalogue stone cell.,,#DDD5B0,,uploaded_catalogue_2026-09-07
M:M070,M070,M,M,marquise / navette,marquise,15,7,15,14.2,6.626667,14.2,DERIVED_SPECIAL_SHAPE,GREEN,#16933F,22,147,63,catalog_visual_resampled_2026-09-21,,True,confirmed,4..png,uploaded_catalogue_2026-09-07_corrected_2026-09-21,True,NEW DATABASE ONLY. Old catalogue database removed. Visible row in new M catalogue; M001-M084 only. COLOR AUDIT 2026-09-21: visual color resampled from supplier catalogue stone cell.,,#16933F,,uploaded_catalogue_2026-09-07
M:M071,M071,M,M,marquise / navette,marquise,15,7,15,14.2,6.626667,14.2,DERIVED_SPECIAL_SHAPE,CYAN/TEAL,#3BE3E8,59,227,232,catalog_visual_resampled_2026-09-21,,True,confirmed,4..png,uploaded_catalogue_2026-09-07_corrected_2026-09-21,True,NEW DATABASE ONLY. Old catalogue database removed. Visible row in new M catalogue; M001-M084 only. COLOR AUDIT 2026-09-21: visual color resampled from supplier catalogue stone cell.,,#3BE3E8,,uploaded_catalogue_2026-09-07
M:M072,M072,M,M,marquise / navette,marquise,15,7,15,14.2,6.626667,14.2,DERIVED_SPECIAL_SHAPE,ORANGE,#6F3E19,111,62,25,catalog_visual_resampled_2026-09-21,,True,confirmed,4..png,uploaded_catalogue_2026-09-07_corrected_2026-09-21,True,NEW DATABASE ONLY. Old catalogue database removed. Visible row in new M catalogue; M001-M084 only. COLOR AUDIT 2026-09-21: visual color resampled from supplier catalogue stone cell.,,#6F3E19,,uploaded_catalogue_2026-09-07
M:M073,M073,M,M,marquise / navette,marquise,15,7,15,14.2,6.626667,14.2,DERIVED_SPECIAL_SHAPE,RED,#67393F,103,57,63,catalog_visual_resampled_2026-09-21,,True,confirmed,4..png,uploaded_catalogue_2026-09-07_corrected_2026-09-21,True,NEW DATABASE ONLY. Old catalogue database removed. Visible row in new M catalogue; M001-M084 only. COLOR AUDIT 2026-09-21: visual color resampled from supplier catalogue stone cell.,,#67393F,,uploaded_catalogue_2026-09-07
M:M074,M074,M,M,marquise / navette,marquise,15,7,15,14.2,6.626667,14.2,DERIVED_SPECIAL_SHAPE,PINK/MAGENTA,#BD106B,189,16,107,catalog_visual_resampled_2026-09-21,,True,confirmed,4..png,uploaded_catalogue_2026-09-07_corrected_2026-09-21,True,NEW DATABASE ONLY. Old catalogue database removed. Visible row in new M catalogue; M001-M084 only. COLOR AUDIT 2026-09-21: visual color resampled from supplier catalogue stone cell.,,#BD106B,,uploaded_catalogue_2026-09-07
M:M075,M075,M,M,marquise / navette,marquise,15,7,15,14.2,6.626667,14.2,DERIVED_SPECIAL_SHAPE,YELLOW/GOLD,#4E4639,78,70,57,catalog_visual_resampled_2026-09-21,,True,confirmed,4..png,uploaded_catalogue_2026-09-07_corrected_2026-09-21,True,NEW DATABASE ONLY. Old catalogue database removed. Visible row in new M catalogue; M001-M084 only. COLOR AUDIT 2026-09-21: visual color resampled from supplier catalogue stone cell.,,#4E4639,,uploaded_catalogue_2026-09-07
M:M076,M076,M,M,marquise / navette,marquise,15,7,15,14.2,6.626667,14.2,DERIVED_SPECIAL_SHAPE,RED,#BD120F,189,18,15,catalog_visual_resampled_2026-09-21,,True,confirmed,4..png,uploaded_catalogue_2026-09-07_corrected_2026-09-21,True,NEW DATABASE ONLY. Old catalogue database removed. Visible row in new M catalogue; M001-M084 only. COLOR AUDIT 2026-09-21: visual color resampled from supplier catalogue stone cell.,,#BD120F,,uploaded_catalogue_2026-09-07
M:M077,M077,M,M,marquise / navette,marquise,15,7,15,14.2,6.626667,14.2,DERIVED_SPECIAL_SHAPE,GREEN,#70B551,112,181,81,catalog_visual_resampled_2026-09-21,,True,confirmed,4..png,uploaded_catalogue_2026-09-07_corrected_2026-09-21,True,NEW DATABASE ONLY. Old catalogue database removed. Visible row in new M catalogue; M001-M084 only. COLOR AUDIT 2026-09-21: visual color resampled from supplier catalogue stone cell.,,#70B551,,uploaded_catalogue_2026-09-07
M:M078,M078,M,M,marquise / navette,marquise,15,7,15,14.2,6.626667,14.2,DERIVED_SPECIAL_SHAPE,CYAN/TEAL,#559E9D,85,158,157,catalog_visual_resampled_2026-09-21,,True,confirmed,4..png,uploaded_catalogue_2026-09-07_corrected_2026-09-21,True,NEW DATABASE ONLY. Old catalogue database removed. Visible row in new M catalogue; M001-M084 only. COLOR AUDIT 2026-09-21: visual color resampled from supplier catalogue stone cell.,,#559E9D,,uploaded_catalogue_2026-09-07
M:M079,M079,M,M,marquise / navette,marquise,18,9,18,17.2,8.6,17.2,DERIVED_SPECIAL_SHAPE,YELLOW/GOLD,#B48515,180,133,21,catalog_visual_resampled_2026-09-21,,True,confirmed,4..png,uploaded_catalogue_2026-09-07_corrected_2026-09-21,True,NEW DATABASE ONLY. Old catalogue database removed. Visible row in new M catalogue; M001-M084 only. COLOR AUDIT 2026-09-21: visual color resampled from supplier catalogue stone cell.,,#B48515,,uploaded_catalogue_2026-09-07
M:M080,M080,M,M,marquise / navette,marquise,18,9,18,17.2,8.6,17.2,DERIVED_SPECIAL_SHAPE,PINK/MAGENTA,#AC808D,172,128,141,catalog_visual_resampled_2026-09-21,,True,confirmed,4..png,uploaded_catalogue_2026-09-07_corrected_2026-09-21,True,NEW DATABASE ONLY. Old catalogue database removed. Visible row in new M catalogue; M001-M084 only. COLOR AUDIT 2026-09-21: visual color resampled from supplier catalogue stone cell.,,#AC808D,,uploaded_catalogue_2026-09-07
M:M081,M081,M,M,marquise / navette,marquise,18,9,18,17.2,8.6,17.2,DERIVED_SPECIAL_SHAPE,CLEAR/WHITE,#D9D9DB,217,217,219,catalog_visual_resampled_2026-09-21,,True,confirmed,4..png,uploaded_catalogue_2026-09-07_corrected_2026-09-21,True,NEW DATABASE ONLY. Old catalogue database removed. Visible row in new M catalogue; M001-M084 only. COLOR AUDIT 2026-09-21: visual color resampled from supplier catalogue stone cell.,,#D9D9DB,,uploaded_catalogue_2026-09-07
M:M082,M082,M,M,marquise / navette,marquise,18,9,18,17.2,8.6,17.2,DERIVED_SPECIAL_SHAPE,GREEN,#208C4C,32,140,76,catalog_visual_resampled_2026-09-21,,True,confirmed,4..png,uploaded_catalogue_2026-09-07_corrected_2026-09-21,True,NEW DATABASE ONLY. Old catalogue database removed. Visible row in new M catalogue; M001-M084 only. COLOR AUDIT 2026-09-21: visual color resampled from supplier catalogue stone cell.,,#208C4C,,uploaded_catalogue_2026-09-07
M:M083,M083,M,M,marquise / navette,marquise,18,9,18,17.2,8.6,17.2,DERIVED_SPECIAL_SHAPE,PINK/MAGENTA,#9E2761,158,39,97,catalog_visual_resampled_2026-09-21,,True,confirmed,4..png,uploaded_catalogue_2026-09-07_corrected_2026-09-21,True,NEW DATABASE ONLY. Old catalogue database removed. Visible row in new M catalogue; M001-M084 only. COLOR AUDIT 2026-09-21: visual color resampled from supplier catalogue stone cell.,,#9E2761,,uploaded_catalogue_2026-09-07
M:M084,M084,M,M,marquise / navette,marquise,18,9,18,17.2,8.6,17.2,DERIVED_SPECIAL_SHAPE,ORANGE,#624229,98,66,41,catalog_visual_resampled_2026-09-21,,True,confirmed,4..png,uploaded_catalogue_2026-09-07_corrected_2026-09-21,True,NEW DATABASE ONLY. Old catalogue database removed. Visible row in new M catalogue; M001-M084 only. COLOR AUDIT 2026-09-21: visual color resampled from supplier catalogue stone cell.,,#624229,,uploaded_catalogue_2026-09-07
Q:Q081,Q081,Q,Q,round faceted,round,4.0,4.0,4.0,3.2,3.2,3.2,CONFIRMED,WHITE,#E7E8E4,231,232,228,catalogue_5_visual_corrected_2026-09-11,,True,confirmed,5..png,uploaded_catalogue_2026-09-07,True,NEW DATABASE ONLY. Old catalogue database removed. Visible Q081-Q108 row. Q COLOR FIX 2026-09-11: corrected against supplied 5..png catalogue.,white/clear,#E7E8E4,,uploaded_catalogue_2026-09-07
Q:Q082,Q082,Q,Q,round faceted,round,4.0,4.0,4.0,3.2,3.2,3.2,CONFIRMED,RED,#C92A2F,201,42,47,catalogue_5_visual_corrected_2026-09-11,,True,confirmed,5..png,uploaded_catalogue_2026-09-07,True,NEW DATABASE ONLY. Old catalogue database removed. Visible Q081-Q108 row. Q COLOR FIX 2026-09-11: corrected against supplied 5..png catalogue.,red,#C92A2F,,uploaded_catalogue_2026-09-07
Q:Q083,Q083,Q,Q,round faceted,round,4.0,4.0,4.0,3.2,3.2,3.2,CONFIRMED,PURPLE,#7A2A8F,122,42,143,catalogue_5_visual_corrected_2026-09-11,,True,confirmed,5..png,uploaded_catalogue_2026-09-07,True,NEW DATABASE ONLY. Old catalogue database removed. Visible Q081-Q108 row. Q COLOR FIX 2026-09-11: corrected against supplied 5..png catalogue.,purple,#7A2A8F,,uploaded_catalogue_2026-09-07
Q:Q084,Q084,Q,Q,round faceted,round,5.0,5.0,5.0,4.2,4.2,4.2,CONFIRMED,WHITE,#E5E4DE,229,228,222,catalogue_5_visual_corrected_2026-09-11,,True,confirmed,5..png,uploaded_catalogue_2026-09-07,True,NEW DATABASE ONLY. Old catalogue database removed. Visible Q081-Q108 row. Q COLOR FIX 2026-09-11: corrected against supplied 5..png catalogue.,white,#E5E4DE,,uploaded_catalogue_2026-09-07
Q:Q085,Q085,Q,Q,round faceted,round,5.0,5.0,5.0,4.2,4.2,4.2,CONFIRMED,YELLOW,#D9D82A,217,216,42,catalogue_5_visual_corrected_2026-09-11,,True,confirmed,5..png,uploaded_catalogue_2026-09-07,True,NEW DATABASE ONLY. Old catalogue database removed. Visible Q081-Q108 row. Q COLOR FIX 2026-09-11: corrected against supplied 5..png catalogue.,yellow,#D9D82A,,uploaded_catalogue_2026-09-07
Q:Q086,Q086,Q,Q,round faceted,round,5.0,5.0,5.0,4.2,4.2,4.2,CONFIRMED,CYAN,#5CAAB2,92,170,178,catalogue_5_visual_corrected_2026-09-11,,True,confirmed,5..png,uploaded_catalogue_2026-09-07,True,NEW DATABASE ONLY. Old catalogue database removed. Visible Q081-Q108 row. Q COLOR FIX 2026-09-11: corrected against supplied 5..png catalogue.,cyan,#5CAAB2,,uploaded_catalogue_2026-09-07
Q:Q087,Q087,Q,Q,round faceted,round,5.0,5.0,5.0,4.2,4.2,4.2,CONFIRMED,OLIVE,#8B8A62,139,138,98,catalogue_5_visual_corrected_2026-09-11,,True,confirmed,5..png,uploaded_catalogue_2026-09-07,True,NEW DATABASE ONLY. Old catalogue database removed. Visible Q081-Q108 row. Q COLOR FIX 2026-09-11: corrected against supplied 5..png catalogue.,pale olive,#8B8A62,,uploaded_catalogue_2026-09-07
Q:Q088,Q088,Q,Q,round faceted,round,5.0,5.0,5.0,4.2,4.2,4.2,CONFIRMED,BLUE,#2250A4,34,80,164,catalogue_5_visual_corrected_2026-09-11,,True,confirmed,5..png,uploaded_catalogue_2026-09-07,True,NEW DATABASE ONLY. Old catalogue database removed. Visible Q081-Q108 row. Q COLOR FIX 2026-09-11: corrected against supplied 5..png catalogue.,blue,#2250A4,,uploaded_catalogue_2026-09-07
Q:Q089,Q089,Q,Q,round faceted,round,5.0,5.0,5.0,4.2,4.2,4.2,CONFIRMED,RED,#B52B34,181,43,52,catalogue_5_visual_corrected_2026-09-11,,True,confirmed,5..png,uploaded_catalogue_2026-09-07,True,NEW DATABASE ONLY. Old catalogue database removed. Visible Q081-Q108 row. Q COLOR FIX 2026-09-11: corrected against supplied 5..png catalogue.,deep red,#B52B34,,uploaded_catalogue_2026-09-07
Q:Q090,Q090,Q,Q,round faceted,round,5.0,5.0,5.0,4.2,4.2,4.2,CONFIRMED,GREEN,#1E6C4A,30,108,74,catalogue_5_visual_corrected_2026-09-11,,True,confirmed,5..png,uploaded_catalogue_2026-09-07,True,NEW DATABASE ONLY. Old catalogue database removed. Visible Q081-Q108 row. Q COLOR FIX 2026-09-11: corrected against supplied 5..png catalogue.,green,#1E6C4A,,uploaded_catalogue_2026-09-07
Q:Q091,Q091,Q,Q,round faceted,round,5.0,5.0,5.0,4.2,4.2,4.2,CONFIRMED,BLACK,#232729,35,39,41,catalogue_5_visual_corrected_2026-09-11,,True,confirmed,5..png,uploaded_catalogue_2026-09-07,True,NEW DATABASE ONLY. Old catalogue database removed. Visible Q081-Q108 row. Q COLOR FIX 2026-09-11: corrected against supplied 5..png catalogue.,black,#232729,,uploaded_catalogue_2026-09-07
Q:Q092,Q092,Q,Q,round faceted,round,6.0,6.0,6.0,5.2,5.2,5.2,DERIVED,BLACK,#22272A,34,39,42,catalogue_5_visual_corrected_2026-09-11,,True,confirmed,5..png,uploaded_catalogue_2026-09-07,True,NEW DATABASE ONLY. Old catalogue database removed. Visible Q081-Q108 row. Q COLOR FIX 2026-09-11: corrected against supplied 5..png catalogue.,black,#22272A,,uploaded_catalogue_2026-09-07
Q:Q093,Q093,Q,Q,round faceted,round,6.0,6.0,6.0,5.2,5.2,5.2,DERIVED,WHITE,#D8DADD,216,218,221,catalogue_5_visual_corrected_2026-09-11,,True,confirmed,5..png,uploaded_catalogue_2026-09-07,True,NEW DATABASE ONLY. Old catalogue database removed. Visible Q081-Q108 row. Q COLOR FIX 2026-09-11: corrected against supplied 5..png catalogue.,white,#D8DADD,,uploaded_catalogue_2026-09-07
Q:Q094,Q094,Q,Q,round faceted,round,6.0,6.0,6.0,5.2,5.2,5.2,DERIVED,PINK,#D98FA0,217,143,160,catalogue_5_visual_corrected_2026-09-11,,True,confirmed,5..png,uploaded_catalogue_2026-09-07,True,NEW DATABASE ONLY. Old catalogue database removed. Visible Q081-Q108 row. Q COLOR FIX 2026-09-11: corrected against supplied 5..png catalogue.,pink,#D98FA0,,uploaded_catalogue_2026-09-07
Q:Q095,Q095,Q,Q,round faceted,round,6.0,6.0,6.0,5.2,5.2,5.2,DERIVED,GOLD,#C7A544,199,165,68,catalogue_5_visual_corrected_2026-09-11,,True,confirmed,5..png,uploaded_catalogue_2026-09-07,True,NEW DATABASE ONLY. Old catalogue database removed. Visible Q081-Q108 row. Q COLOR FIX 2026-09-11: corrected against supplied 5..png catalogue.,gold/yellow,#C7A544,,uploaded_catalogue_2026-09-07
Q:Q096,Q096,Q,Q,round faceted,round,6.0,6.0,6.0,5.2,5.2,5.2,DERIVED,CYAN,#4F9CA8,79,156,168,catalogue_5_visual_corrected_2026-09-11,,True,confirmed,5..png,uploaded_catalogue_2026-09-07,True,NEW DATABASE ONLY. Old catalogue database removed. Visible Q081-Q108 row. Q COLOR FIX 2026-09-11: corrected against supplied 5..png catalogue.,cyan,#4F9CA8,,uploaded_catalogue_2026-09-07
Q:Q097,Q097,Q,Q,round faceted,round,6.0,6.0,6.0,5.2,5.2,5.2,DERIVED,BLUE,#35558A,53,85,138,catalogue_5_visual_corrected_2026-09-11,,True,confirmed,5..png,uploaded_catalogue_2026-09-07,True,NEW DATABASE ONLY. Old catalogue database removed. Visible Q081-Q108 row. Q COLOR FIX 2026-09-11: corrected against supplied 5..png catalogue.,blue,#35558A,,uploaded_catalogue_2026-09-07
Q:Q098,Q098,Q,Q,round faceted,round,6.0,6.0,6.0,5.2,5.2,5.2,DERIVED,SILVER,#73787E,115,120,126,catalogue_5_visual_corrected_2026-09-11,,True,confirmed,5..png,uploaded_catalogue_2026-09-07,True,NEW DATABASE ONLY. Old catalogue database removed. Visible Q081-Q108 row. Q COLOR FIX 2026-09-11: corrected against supplied 5..png catalogue.,silver/gray,#73787E,,uploaded_catalogue_2026-09-07
Q:Q099,Q099,Q,Q,round faceted,round,6.0,6.0,6.0,5.2,5.2,5.2,DERIVED,COPPER,#A85749,168,87,73,catalogue_5_visual_corrected_2026-09-11,,True,confirmed,5..png,uploaded_catalogue_2026-09-07,True,NEW DATABASE ONLY. Old catalogue database removed. Visible Q081-Q108 row. Q COLOR FIX 2026-09-11: corrected against supplied 5..png catalogue.,copper,#A85749,,uploaded_catalogue_2026-09-07
Q:Q100,Q100,Q,Q,round faceted,round,6.0,6.0,6.0,5.2,5.2,5.2,DERIVED,OLIVE,#7E8064,126,128,100,catalogue_5_visual_corrected_2026-09-11,,True,confirmed,5..png,uploaded_catalogue_2026-09-07,True,NEW DATABASE ONLY. Old catalogue database removed. Visible Q081-Q108 row. Q COLOR FIX 2026-09-11: corrected against supplied 5..png catalogue.,olive gray,#7E8064,,uploaded_catalogue_2026-09-07
Q:Q101,Q101,Q,Q,round faceted,round,6.0,6.0,6.0,5.2,5.2,5.2,DERIVED,SILVER,#C8C9C5,200,201,197,catalogue_5_visual_corrected_2026-09-11,,True,confirmed,5..png,uploaded_catalogue_2026-09-07,True,NEW DATABASE ONLY. Old catalogue database removed. Visible Q081-Q108 row. Q COLOR FIX 2026-09-11: corrected against supplied 5..png catalogue.,silver clear,#C8C9C5,,uploaded_catalogue_2026-09-07
Q:Q102,Q102,Q,Q,round faceted,round,6.0,6.0,6.0,5.2,5.2,5.2,DERIVED,SILVER,#BFC1BE,191,193,190,catalogue_5_visual_corrected_2026-09-11,,True,confirmed,5..png,uploaded_catalogue_2026-09-07,True,NEW DATABASE ONLY. Old catalogue database removed. Visible Q081-Q108 row. Q COLOR FIX 2026-09-11: corrected against supplied 5..png catalogue.,silver clear,#BFC1BE,,uploaded_catalogue_2026-09-07
Q:Q103,Q103,Q,Q,round faceted,round,6.0,6.0,6.0,5.2,5.2,5.2,DERIVED,PINK,#9B727A,155,114,122,catalogue_5_visual_corrected_2026-09-11,,True,confirmed,5..png,uploaded_catalogue_2026-09-07,True,NEW DATABASE ONLY. Old catalogue database removed. Visible Q081-Q108 row. Q COLOR FIX 2026-09-11: corrected against supplied 5..png catalogue.,pale rose,#9B727A,,uploaded_catalogue_2026-09-07
Q:Q104,Q104,Q,Q,round faceted,round,6.0,6.0,6.0,5.2,5.2,5.2,DERIVED,PINK,#B72B68,183,43,104,catalogue_5_visual_corrected_2026-09-11,,True,confirmed,5..png,uploaded_catalogue_2026-09-07,True,NEW DATABASE ONLY. Old catalogue database removed. Visible Q081-Q108 row. Q COLOR FIX 2026-09-11: corrected against supplied 5..png catalogue.,hot pink,#B72B68,,uploaded_catalogue_2026-09-07
Q:Q105,Q105,Q,Q,round faceted,round,6.0,6.0,6.0,5.2,5.2,5.2,DERIVED,GREEN,#14613A,20,97,58,catalogue_5_visual_corrected_2026-09-11,,True,confirmed,5..png,uploaded_catalogue_2026-09-07,True,NEW DATABASE ONLY. Old catalogue database removed. Visible Q081-Q108 row. Q COLOR FIX 2026-09-11: corrected against supplied 5..png catalogue.,green,#14613A,,uploaded_catalogue_2026-09-07
Q:Q106,Q106,Q,Q,round faceted,round,6.0,6.0,6.0,5.2,5.2,5.2,DERIVED,BLUE,#1F428D,31,66,141,catalogue_5_visual_corrected_2026-09-11,,True,confirmed,5..png,uploaded_catalogue_2026-09-07,True,NEW DATABASE ONLY. Old catalogue database removed. Visible Q081-Q108 row. Q COLOR FIX 2026-09-11: corrected against supplied 5..png catalogue.,blue,#1F428D,,uploaded_catalogue_2026-09-07
Q:Q107,Q107,Q,Q,round faceted,round,6.0,6.0,6.0,5.2,5.2,5.2,DERIVED,PURPLE,#56307E,86,48,126,catalogue_5_visual_corrected_2026-09-11,,True,confirmed,5..png,uploaded_catalogue_2026-09-07,True,NEW DATABASE ONLY. Old catalogue database removed. Visible Q081-Q108 row. Q COLOR FIX 2026-09-11: corrected against supplied 5..png catalogue.,purple,#56307E,,uploaded_catalogue_2026-09-07
Q:Q108,Q108,Q,Q,round faceted,round,6.0,6.0,6.0,5.2,5.2,5.2,DERIVED,RED,#A22E32,162,46,50,catalogue_5_visual_corrected_2026-09-11,,True,confirmed,5..png,uploaded_catalogue_2026-09-07,True,NEW DATABASE ONLY. Old catalogue database removed. Visible Q081-Q108 row. Q COLOR FIX 2026-09-11: corrected against supplied 5..png catalogue.,red,#A22E32,,uploaded_catalogue_2026-09-07
Q:Q109,Q109,Q,Q,round faceted,round,8.0,8.0,8.0,7.2,7.2,7.2,CONFIRMED,WHITE,#D7D8D2,215,216,210,catalogue_5_visual_corrected_2026-09-11,,True,confirmed,5..png,uploaded_catalogue_2026-09-07,True,NEW DATABASE ONLY. Old catalogue database removed. Canonical code follows physical row sequence; duplicate print audited. Q COLOR FIX 2026-09-11: corrected against supplied 5..png catalogue.,white,#D7D8D2,,uploaded_catalogue_2026-09-07
Q:Q110,Q110,Q,Q,round faceted,round,8.0,8.0,8.0,7.2,7.2,7.2,CONFIRMED,BLUE,#405B90,64,91,144,catalogue_5_visual_corrected_2026-09-11,,True,confirmed,5..png,uploaded_catalogue_2026-09-07,True,NEW DATABASE ONLY. Old catalogue database removed. Canonical code follows physical row sequence; duplicate print audited. Q COLOR FIX 2026-09-11: corrected against supplied 5..png catalogue.,blue,#405B90,,uploaded_catalogue_2026-09-07
Q:Q111,Q111,Q,Q,round faceted,round,8.0,8.0,8.0,7.2,7.2,7.2,CONFIRMED,RED,#B64A40,182,74,64,catalogue_5_visual_corrected_2026-09-11,,True,confirmed,5..png,uploaded_catalogue_2026-09-07,True,NEW DATABASE ONLY. Old catalogue database removed. Canonical code follows physical row sequence; duplicate print audited. Q COLOR FIX 2026-09-11: corrected against supplied 5..png catalogue.,coral red,#B64A40,,uploaded_catalogue_2026-09-07
Q:Q112,Q112,Q,Q,round faceted,round,8.0,8.0,8.0,7.2,7.2,7.2,CONFIRMED,GOLD,#C39C47,195,156,71,catalogue_5_visual_corrected_2026-09-11,,True,confirmed,5..png,uploaded_catalogue_2026-09-07,True,NEW DATABASE ONLY. Old catalogue database removed. Canonical code follows physical row sequence; duplicate print audited. Q COLOR FIX 2026-09-11: corrected against supplied 5..png catalogue.,gold,#C39C47,,uploaded_catalogue_2026-09-07
Q:Q113,Q113,Q,Q,round faceted,round,8.0,8.0,8.0,7.2,7.2,7.2,CONFIRMED,BLUE,#243E8F,36,62,143,catalogue_5_visual_corrected_2026-09-11,,True,confirmed,5..png,uploaded_catalogue_2026-09-07,True,NEW DATABASE ONLY. Old catalogue database removed. Canonical code follows physical row sequence; duplicate print audited. Q COLOR FIX 2026-09-11: corrected against supplied 5..png catalogue.,deep blue,#243E8F,,uploaded_catalogue_2026-09-07
Q:Q114,Q114,Q,Q,round faceted,round,8.0,8.0,8.0,7.2,7.2,7.2,CONFIRMED,RED,#B92D33,185,45,51,catalogue_5_visual_corrected_2026-09-11,,True,confirmed,5..png,uploaded_catalogue_2026-09-07,True,NEW DATABASE ONLY. Old catalogue database removed. Canonical code follows physical row sequence; duplicate print audited. Q COLOR FIX 2026-09-11: corrected against supplied 5..png catalogue.,red,#B92D33,,uploaded_catalogue_2026-09-07
Q:Q115,Q115,Q,Q,round faceted,round,8.0,8.0,8.0,7.2,7.2,7.2,CONFIRMED,PURPLE,#6B2677,107,38,119,catalogue_5_visual_corrected_2026-09-11,,True,confirmed,5..png,uploaded_catalogue_2026-09-07,True,NEW DATABASE ONLY. Old catalogue database removed. Canonical code follows physical row sequence; duplicate print audited. Q COLOR FIX 2026-09-11: corrected against supplied 5..png catalogue.,purple,#6B2677,,uploaded_catalogue_2026-09-07
Q:Q116,Q116,Q,Q,round faceted,round,8.0,8.0,8.0,7.2,7.2,7.2,CONFIRMED,BLACK,#252A2B,37,42,43,catalogue_5_visual_corrected_2026-09-11,,True,confirmed,5..png,uploaded_catalogue_2026-09-07,True,NEW DATABASE ONLY. Old catalogue database removed. Canonical code follows physical row sequence; duplicate print audited. Q COLOR FIX 2026-09-11: corrected against supplied 5..png catalogue.,black,#252A2B,,uploaded_catalogue_2026-09-07
Q:Q117,Q117,Q,Q,round faceted,round,10.0,10.0,10.0,9.2,9.2,9.2,DERIVED,WHITE,#E3E5E4,227,229,228,catalogue_5_visual_corrected_2026-09-11,,True,confirmed,5..png,uploaded_catalogue_2026-09-07,True,NEW DATABASE ONLY. Old catalogue database removed. Canonical code follows physical row sequence; duplicate print audited. Q COLOR FIX 2026-09-11: corrected against supplied 5..png catalogue.,white,#E3E5E4,,uploaded_catalogue_2026-09-07
Q:Q118,Q118,Q,Q,round faceted,round,10.0,10.0,10.0,9.2,9.2,9.2,DERIVED,CYAN,#4FA7B8,79,167,184,catalogue_5_visual_corrected_2026-09-11,,True,confirmed,5..png,uploaded_catalogue_2026-09-07,True,NEW DATABASE ONLY. Old catalogue database removed. Canonical code follows physical row sequence; duplicate print audited. Q COLOR FIX 2026-09-11: corrected against supplied 5..png catalogue.,cyan,#4FA7B8,,uploaded_catalogue_2026-09-07
Q:Q119,Q119,Q,Q,round faceted,round,10.0,10.0,10.0,9.2,9.2,9.2,DERIVED,COPPER,#D4855D,212,133,93,catalogue_5_visual_corrected_2026-09-11,,True,confirmed,5..png,uploaded_catalogue_2026-09-07,True,NEW DATABASE ONLY. Old catalogue database removed. Canonical code follows physical row sequence; duplicate print audited. Q COLOR FIX 2026-09-11: corrected against supplied 5..png catalogue.,peach/copper,#D4855D,,uploaded_catalogue_2026-09-07
Q:Q120,Q120,Q,Q,round faceted,round,10.0,10.0,10.0,9.2,9.2,9.2,DERIVED,BLUE,#355B8B,53,91,139,catalogue_5_visual_corrected_2026-09-11,,True,confirmed,5..png,uploaded_catalogue_2026-09-07,True,NEW DATABASE ONLY. Old catalogue database removed. Canonical code follows physical row sequence; duplicate print audited. Q COLOR FIX 2026-09-11: corrected against supplied 5..png catalogue.,blue,#355B8B,,uploaded_catalogue_2026-09-07
Q:Q121,Q121,Q,Q,round faceted,round,10.0,10.0,10.0,9.2,9.2,9.2,DERIVED,RED,#B52B32,181,43,50,catalogue_5_visual_corrected_2026-09-11,,True,confirmed,5..png,uploaded_catalogue_2026-09-07,True,NEW DATABASE ONLY. Old catalogue database removed. Canonical code follows physical row sequence; duplicate print audited. Q COLOR FIX 2026-09-11: corrected against supplied 5..png catalogue.,red,#B52B32,,uploaded_catalogue_2026-09-07
Q:Q122,Q122,Q,Q,round faceted,round,10.0,10.0,10.0,9.2,9.2,9.2,DERIVED,PURPLE,#6B247D,107,36,125,catalogue_5_visual_corrected_2026-09-11,,True,confirmed,5..png,uploaded_catalogue_2026-09-07,True,NEW DATABASE ONLY. Old catalogue database removed. Canonical code follows physical row sequence; duplicate print audited. Q COLOR FIX 2026-09-11: corrected against supplied 5..png catalogue.,purple,#6B247D,,uploaded_catalogue_2026-09-07
Q:Q123,Q123,Q,Q,round faceted,round,10.0,10.0,10.0,9.2,9.2,9.2,DERIVED,BLUE,#263D85,38,61,133,catalogue_5_visual_corrected_2026-09-11,,True,confirmed,5..png,uploaded_catalogue_2026-09-07,True,NEW DATABASE ONLY. Old catalogue database removed. Canonical code follows physical row sequence; duplicate print audited. Q COLOR FIX 2026-09-11: corrected against supplied 5..png catalogue.,deep blue,#263D85,,uploaded_catalogue_2026-09-07
Q:Q124,Q124,Q,Q,round faceted,round,10.0,10.0,10.0,9.2,9.2,9.2,DERIVED,GOLD,#A66B1C,166,107,28,catalogue_5_visual_corrected_2026-09-11,,True,confirmed,5..png,uploaded_catalogue_2026-09-07,True,NEW DATABASE ONLY. Old catalogue database removed. Canonical code follows physical row sequence; duplicate print audited. Q COLOR FIX 2026-09-11: corrected against supplied 5..png catalogue.,amber/gold,#A66B1C,,uploaded_catalogue_2026-09-07
Q:Q138,Q138,Q,Q,round faceted,round,4.0,4.0,4.0,3.2,3.2,3.2,CONFIRMED,SILVER,#C4C7C5,196,199,197,catalogue_5_visual_corrected_2026-09-11,,True,confirmed,5..png,uploaded_catalogue_2026-09-07,True,NEW DATABASE ONLY. Old catalogue database removed. Canonical code follows physical row sequence; duplicate print audited. Q COLOR FIX 2026-09-11: corrected against supplied 5..png catalogue.,silver/clear,#C4C7C5,,uploaded_catalogue_2026-09-07
Q:Q139,Q139,Q,Q,round faceted,round,4.0,4.0,4.0,3.2,3.2,3.2,CONFIRMED,WHITE,#D5D5D1,213,213,209,catalogue_5_visual_corrected_2026-09-11,,True,confirmed,5..png,uploaded_catalogue_2026-09-07,True,NEW DATABASE ONLY. Old catalogue database removed. Canonical code follows physical row sequence; duplicate print audited. Q COLOR FIX 2026-09-11: corrected against supplied 5..png catalogue.,white,#D5D5D1,,uploaded_catalogue_2026-09-07
Q:Q140,Q140,Q,Q,round faceted,round,4.0,4.0,4.0,3.2,3.2,3.2,CONFIRMED,GOLD,#8A601C,138,96,28,catalogue_5_visual_corrected_2026-09-11,,True,confirmed,5..png,uploaded_catalogue_2026-09-07,True,NEW DATABASE ONLY. Old catalogue database removed. Canonical code follows physical row sequence; duplicate print audited. Q COLOR FIX 2026-09-11: corrected against supplied 5..png catalogue.,gold brown,#8A601C,,uploaded_catalogue_2026-09-07
Q:Q141,Q141,Q,Q,round faceted,round,4.0,4.0,4.0,3.2,3.2,3.2,CONFIRMED,BLUE,#22345F,34,52,95,catalogue_5_visual_corrected_2026-09-11,,True,confirmed,5..png,uploaded_catalogue_2026-09-07,True,NEW DATABASE ONLY. Old catalogue database removed. Canonical code follows physical row sequence; duplicate print audited. Q COLOR FIX 2026-09-11: corrected against supplied 5..png catalogue.,navy,#22345F,,uploaded_catalogue_2026-09-07
Q:Q142,Q142,Q,Q,round faceted,round,4.0,4.0,4.0,3.2,3.2,3.2,CONFIRMED,GRAY,#555B61,85,91,97,catalogue_5_visual_corrected_2026-09-11,,True,confirmed,5..png,uploaded_catalogue_2026-09-07,True,NEW DATABASE ONLY. Old catalogue database removed. Canonical code follows physical row sequence; duplicate print audited. Q COLOR FIX 2026-09-11: corrected against supplied 5..png catalogue.,charcoal gray,#555B61,,uploaded_catalogue_2026-09-07
Q:Q143,Q143,Q,Q,round faceted,round,4.0,4.0,4.0,3.2,3.2,3.2,CONFIRMED,RED,#9E2E2E,158,46,46,catalogue_5_visual_corrected_2026-09-11,,True,confirmed,5..png,uploaded_catalogue_2026-09-07,True,NEW DATABASE ONLY. Old catalogue database removed. Canonical code follows physical row sequence; duplicate print audited. Q COLOR FIX 2026-09-11: corrected against supplied 5..png catalogue.,red,#9E2E2E,,uploaded_catalogue_2026-09-07
Q:Q144,Q144,Q,Q,round faceted,round,4.0,4.0,4.0,3.2,3.2,3.2,CONFIRMED,GOLD,#A67A26,166,122,38,catalogue_5_visual_corrected_2026-09-11,,True,confirmed,5..png,uploaded_catalogue_2026-09-07,True,NEW DATABASE ONLY. Old catalogue database removed. Canonical code follows physical row sequence; duplicate print audited. Q COLOR FIX 2026-09-11: corrected against supplied 5..png catalogue.,gold,#A67A26,,uploaded_catalogue_2026-09-07
Q:Q145,Q145,Q,Q,round faceted,round,4.0,4.0,4.0,3.2,3.2,3.2,CONFIRMED,GOLD,#81521A,129,82,26,catalogue_5_visual_corrected_2026-09-11,,True,confirmed,5..png,uploaded_catalogue_2026-09-07,True,NEW DATABASE ONLY. Old catalogue database removed. Canonical code follows physical row sequence; duplicate print audited. Q COLOR FIX 2026-09-11: corrected against supplied 5..png catalogue.,bronze gold,#81521A,,uploaded_catalogue_2026-09-07
Q:Q146,Q146,Q,Q,round faceted,round,4.0,4.0,4.0,3.2,3.2,3.2,CONFIRMED,GREEN,#1F5139,31,81,57,catalogue_5_visual_corrected_2026-09-11,,True,confirmed,5..png,uploaded_catalogue_2026-09-07,True,NEW DATABASE ONLY. Old catalogue database removed. Canonical code follows physical row sequence; duplicate print audited. Q COLOR FIX 2026-09-11: corrected against supplied 5..png catalogue.,dark green,#1F5139,,uploaded_catalogue_2026-09-07
Q:Q147,Q147,Q,Q,round faceted,round,4.0,4.0,4.0,3.2,3.2,3.2,CONFIRMED,PINK,#A85B6C,168,91,108,catalogue_5_visual_corrected_2026-09-11,,True,confirmed,5..png,uploaded_catalogue_2026-09-07,True,NEW DATABASE ONLY. Old catalogue database removed. Canonical code follows physical row sequence; duplicate print audited. Q COLOR FIX 2026-09-11: corrected against supplied 5..png catalogue.,dusty pink,#A85B6C,,uploaded_catalogue_2026-09-07
Q:Q148,Q148,Q,Q,round faceted,round,4.0,4.0,4.0,3.2,3.2,3.2,CONFIRMED,RED,#9D2B32,157,43,50,catalogue_5_visual_corrected_2026-09-11,,True,confirmed,5..png,uploaded_catalogue_2026-09-07,True,NEW DATABASE ONLY. Old catalogue database removed. Canonical code follows physical row sequence; duplicate print audited. Q COLOR FIX 2026-09-11: corrected against supplied 5..png catalogue.,red,#9D2B32,,uploaded_catalogue_2026-09-07
Q:Q149,Q149,Q,Q,round faceted,round,4.0,4.0,4.0,3.2,3.2,3.2,CONFIRMED,RED,#713042,113,48,66,catalogue_5_visual_corrected_2026-09-11,,True,confirmed,5..png,uploaded_catalogue_2026-09-07,True,NEW DATABASE ONLY. Old catalogue database removed. Canonical code follows physical row sequence; duplicate print audited. Q COLOR FIX 2026-09-11: corrected against supplied 5..png catalogue.,wine red,#713042,,uploaded_catalogue_2026-09-07
Q:Q150,Q150,Q,Q,round faceted,round,4.0,4.0,4.0,3.2,3.2,3.2,CONFIRMED,GREEN,#42783F,66,120,63,catalogue_5_visual_corrected_2026-09-11,,True,confirmed,5..png,uploaded_catalogue_2026-09-07,True,NEW DATABASE ONLY. Old catalogue database removed. Canonical code follows physical row sequence; duplicate print audited. Q COLOR FIX 2026-09-11: corrected against supplied 5..png catalogue.,green,#42783F,,uploaded_catalogue_2026-09-07
Q:Q151,Q151,Q,Q,round faceted,round,4.0,4.0,4.0,3.2,3.2,3.2,CONFIRMED,CYAN,#317D83,49,125,131,catalogue_5_visual_corrected_2026-09-11,,True,confirmed,5..png,uploaded_catalogue_2026-09-07,True,NEW DATABASE ONLY. Old catalogue database removed. Canonical code follows physical row sequence; duplicate print audited. Q COLOR FIX 2026-09-11: corrected against supplied 5..png catalogue.,teal,#317D83,,uploaded_catalogue_2026-09-07
Q:Q152,Q152,Q,Q,round faceted,round,12.0,12.0,12.0,11.2,11.2,11.2,DERIVED,GOLD,#A66F16,166,111,22,catalogue_5_visual_corrected_2026-09-11,,True,confirmed,5..png,uploaded_catalogue_2026-09-07,True,NEW DATABASE ONLY. Old catalogue database removed. Visible Q152-Q166 row. Q COLOR FIX 2026-09-11: corrected against supplied 5..png catalogue.,gold,#A66F16,,uploaded_catalogue_2026-09-07
Q:Q153,Q153,Q,Q,round faceted,round,8.0,8.0,8.0,7.2,7.2,7.2,CONFIRMED,GOLD,#9B691E,155,105,30,catalogue_5_visual_corrected_2026-09-11,,True,confirmed,5..png,uploaded_catalogue_2026-09-07,True,NEW DATABASE ONLY. Old catalogue database removed. Visible Q152-Q166 row. Q COLOR FIX 2026-09-11: corrected against supplied 5..png catalogue.,gold,#9B691E,,uploaded_catalogue_2026-09-07
Q:Q154,Q154,Q,Q,round faceted,round,4.0,4.0,4.0,3.2,3.2,3.2,CONFIRMED,GOLD,#A58438,165,132,56,catalogue_5_visual_corrected_2026-09-11,,True,confirmed,5..png,uploaded_catalogue_2026-09-07,True,NEW DATABASE ONLY. Old catalogue database removed. Visible Q152-Q166 row. Q COLOR FIX 2026-09-11: corrected against supplied 5..png catalogue.,gold,#A58438,,uploaded_catalogue_2026-09-07
Q:Q155,Q155,Q,Q,teardrop,teardrop,5.0,5.0,5.0,4.2,4.2,4.2,CONFIRMED,GOLD,#A87526,168,117,38,catalogue_5_visual_corrected_2026-09-11,,True,confirmed,5..png,uploaded_catalogue_2026-09-07,True,NEW DATABASE ONLY. Old catalogue database removed. Visible Q152-Q166 row. Shape updated from new physical sample for shape-aware reference map. Q COLOR FIX 2026-09-11: corrected against supplied 5..png catalogue.,gold,#A87526,,uploaded_catalogue_2026-09-07
Q:Q156,Q156,Q,Q,teardrop,teardrop,5.0,5.0,5.0,4.2,4.2,4.2,CONFIRMED,SILVER,#8A9098,138,144,152,catalogue_5_visual_corrected_2026-09-11,,True,confirmed,5..png,uploaded_catalogue_2026-09-07,True,NEW DATABASE ONLY. Old catalogue database removed. Visible Q152-Q166 row. Shape updated from new physical sample for shape-aware reference map. Q COLOR FIX 2026-09-11: corrected against supplied 5..png catalogue.,silver,#8A9098,,uploaded_catalogue_2026-09-07
Q:Q157,Q157,Q,Q,teardrop,teardrop,5.0,5.0,5.0,4.2,4.2,4.2,CONFIRMED,COPPER,#A86D58,168,109,88,catalogue_5_visual_corrected_2026-09-11,,True,confirmed,5..png,uploaded_catalogue_2026-09-07,True,NEW DATABASE ONLY. Old catalogue database removed. Visible Q152-Q166 row. Shape updated from new physical sample for shape-aware reference map. Q COLOR FIX 2026-09-11: corrected against supplied 5..png catalogue.,rose gold,#A86D58,,uploaded_catalogue_2026-09-07
Q:Q158,Q158,Q,Q,teardrop,teardrop,5.0,5.0,5.0,4.2,4.2,4.2,CONFIRMED,GOLD,#C1A55D,193,165,93,catalogue_5_visual_corrected_2026-09-11,,True,confirmed,5..png,uploaded_catalogue_2026-09-07,True,NEW DATABASE ONLY. Old catalogue database removed. Visible Q152-Q166 row. Shape updated from new physical sample for shape-aware reference map. Q COLOR FIX 2026-09-11: corrected against supplied 5..png catalogue.,champagne,#C1A55D,,uploaded_catalogue_2026-09-07
Q:Q159,Q159,Q,Q,teardrop,teardrop,5.0,5.0,5.0,4.2,4.2,4.2,CONFIRMED,GREEN,#6DA95E,109,169,94,catalogue_5_visual_corrected_2026-09-11,,True,confirmed,5..png,uploaded_catalogue_2026-09-07,True,NEW DATABASE ONLY. Old catalogue database removed. Visible Q152-Q166 row. Shape updated from new physical sample for shape-aware reference map. Q COLOR FIX 2026-09-11: corrected against supplied 5..png catalogue.,green,#6DA95E,,uploaded_catalogue_2026-09-07
Q:Q160,Q160,Q,Q,flower,flower,5.0,5.0,5.0,4.2,4.2,4.2,CONFIRMED,PINK,#C77486,199,116,134,catalogue_5_visual_corrected_2026-09-11,,True,confirmed,5..png,uploaded_catalogue_2026-09-07,True,NEW DATABASE ONLY. Old catalogue database removed. Visible Q152-Q166 row. Shape updated from new physical sample for shape-aware reference map. Q COLOR FIX 2026-09-11: corrected against supplied 5..png catalogue.,pink,#C77486,,uploaded_catalogue_2026-09-07
Q:Q161,Q161,Q,Q,star,star,5.0,5.0,5.0,4.2,4.2,4.2,CONFIRMED,SILVER,#B5B7B8,181,183,184,catalogue_5_visual_corrected_2026-09-11,,True,confirmed,5..png,uploaded_catalogue_2026-09-07,True,NEW DATABASE ONLY. Old catalogue database removed. Visible Q152-Q166 row. Shape updated from new physical sample for shape-aware reference map. Q COLOR FIX 2026-09-11: corrected against supplied 5..png catalogue.,silver,#B5B7B8,,uploaded_catalogue_2026-09-07
Q:Q162,Q162,Q,Q,star,star,5.0,5.0,5.0,4.2,4.2,4.2,CONFIRMED,PURPLE,#90839E,144,131,158,catalogue_5_visual_corrected_2026-09-11,,True,confirmed,5..png,uploaded_catalogue_2026-09-07,True,NEW DATABASE ONLY. Old catalogue database removed. Visible Q152-Q166 row. Shape updated from new physical sample for shape-aware reference map. Q COLOR FIX 2026-09-11: corrected against supplied 5..png catalogue.,lavender,#90839E,,uploaded_catalogue_2026-09-07
Q:Q163,Q163,Q,Q,star,star,5.0,5.0,5.0,4.2,4.2,4.2,CONFIRMED,OLIVE,#B8B26C,184,178,108,catalogue_5_visual_corrected_2026-09-11,,True,confirmed,5..png,uploaded_catalogue_2026-09-07,True,NEW DATABASE ONLY. Old catalogue database removed. Visible Q152-Q166 row. Shape updated from new physical sample for shape-aware reference map. Q COLOR FIX 2026-09-11: corrected against supplied 5..png catalogue.,pale yellow/olive,#B8B26C,,uploaded_catalogue_2026-09-07
Q:Q164,Q164,Q,Q,star,star,5.0,5.0,5.0,4.2,4.2,4.2,CONFIRMED,CYAN,#6FA69C,111,166,156,catalogue_5_visual_corrected_2026-09-11,,True,confirmed,5..png,uploaded_catalogue_2026-09-07,True,NEW DATABASE ONLY. Old catalogue database removed. Visible Q152-Q166 row. Shape updated from new physical sample for shape-aware reference map. Q COLOR FIX 2026-09-11: corrected against supplied 5..png catalogue.,mint,#6FA69C,,uploaded_catalogue_2026-09-07
Q:Q165,Q165,Q,Q,teardrop,teardrop,5.0,5.0,5.0,4.2,4.2,4.2,CONFIRMED,PINK,#B6837D,182,131,125,catalogue_5_visual_corrected_2026-09-11,,True,confirmed,5..png,uploaded_catalogue_2026-09-07,True,NEW DATABASE ONLY. Old catalogue database removed. Visible Q152-Q166 row. Shape updated from new physical sample for shape-aware reference map. Q COLOR FIX 2026-09-11: corrected against supplied 5..png catalogue.,blush pink,#B6837D,,uploaded_catalogue_2026-09-07
Q:Q166,Q166,Q,Q,round faceted,round,5.0,5.0,5.0,4.2,4.2,4.2,CONFIRMED,YELLOW,#CBB036,203,176,54,catalogue_5_visual_corrected_2026-09-11,,True,confirmed,5..png,uploaded_catalogue_2026-09-07,True,NEW DATABASE ONLY. Old catalogue database removed. Visible Q152-Q166 row. Q COLOR FIX 2026-09-11: corrected against supplied 5..png catalogue.,yellow,#CBB036,,uploaded_catalogue_2026-09-07
PEARL:5,5,PEARL,PEARL,pearl round,round,5.0,5.0,5.0,4.2,4.2,4.2,CONFIRMED,pearl_white,#EDE9E2,237,233,226,uploaded_catalogue_2026-09-07_sample,,True,confirmed,ngọc trai.png,uploaded_catalogue_2026-09-07,True,NEW DATABASE ONLY. Pearl code equals physical diameter shown in uploaded catalogue.,pearl white,#EDE9E2,numeric pearl code = diameter mm,uploaded_catalogue_2026-09-07
PEARL:6,6,PEARL,PEARL,pearl round,round,6.0,6.0,6.0,5.2,5.2,5.2,CONFIRMED,pearl_white,#EDE9E2,237,233,226,uploaded_catalogue_2026-09-07_sample,,True,confirmed,ngọc trai.png,uploaded_catalogue_2026-09-07,True,NEW DATABASE ONLY. Pearl code equals physical diameter shown in uploaded catalogue.,pearl white,#EDE9E2,numeric pearl code = diameter mm,uploaded_catalogue_2026-09-07
PEARL:7,7,PEARL,PEARL,pearl round,round,7.0,7.0,7.0,6.2,6.2,6.2,CONFIRMED,pearl_white,#EDE9E2,237,233,226,uploaded_catalogue_2026-09-07_sample,,True,confirmed,ngọc trai.png,uploaded_catalogue_2026-09-07,True,NEW DATABASE ONLY. Pearl code equals physical diameter shown in uploaded catalogue.,pearl white,#EDE9E2,numeric pearl code = diameter mm,uploaded_catalogue_2026-09-07
PEARL:8,8,PEARL,PEARL,pearl round,round,8.0,8.0,8.0,7.2,7.2,7.2,CONFIRMED,pearl_white,#EDE9E2,237,233,226,uploaded_catalogue_2026-09-07_sample,,True,confirmed,ngọc trai.png,uploaded_catalogue_2026-09-07,True,NEW DATABASE ONLY. Pearl code equals physical diameter shown in uploaded catalogue.,pearl white,#EDE9E2,numeric pearl code = diameter mm,uploaded_catalogue_2026-09-07
PEARL:10,10,PEARL,PEARL,pearl round,round,10.0,10.0,10.0,9.2,9.2,9.2,CONFIRMED,pearl_white,#EDE9E2,237,233,226,uploaded_catalogue_2026-09-07_sample,,True,confirmed,ngọc trai.png,uploaded_catalogue_2026-09-07,True,NEW DATABASE ONLY. Pearl code equals physical diameter shown in uploaded catalogue.,pearl white,#EDE9E2,numeric pearl code = diameter mm,uploaded_catalogue_2026-09-07
PEARL:11,11,PEARL,PEARL,pearl round,round,11.0,11.0,11.0,10.2,10.2,10.2,CONFIRMED,pearl_white,#EDE9E2,237,233,226,uploaded_catalogue_2026-09-07_sample,,True,confirmed,ngọc trai.png,uploaded_catalogue_2026-09-07,True,NEW DATABASE ONLY. Pearl code equals physical diameter shown in uploaded catalogue.,pearl white,#EDE9E2,numeric pearl code = diameter mm,uploaded_catalogue_2026-09-07
PEARL:12,12,PEARL,PEARL,pearl round,round,12.0,12.0,12.0,11.2,11.2,11.2,CONFIRMED,pearl_white,#EDE9E2,237,233,226,uploaded_catalogue_2026-09-07_sample,,True,confirmed,ngọc trai.png,uploaded_catalogue_2026-09-07,True,NEW DATABASE ONLY. Pearl code equals physical diameter shown in uploaded catalogue.,pearl white,#EDE9E2,numeric pearl code = diameter mm,uploaded_catalogue_2026-09-07
PEARL:14,14,PEARL,PEARL,pearl round,round,14.0,14.0,14.0,13.2,13.2,13.2,CONFIRMED,pearl_white,#EDE9E2,237,233,226,uploaded_catalogue_2026-09-07_sample,,True,confirmed,ngọc trai.png,uploaded_catalogue_2026-09-07,True,NEW DATABASE ONLY. Pearl code equals physical diameter shown in uploaded catalogue.,pearl white,#EDE9E2,numeric pearl code = diameter mm,uploaded_catalogue_2026-09-07
